"id";"data";"timestamp"
"1";"{""uuid"": ""17ad7214-a1e0-400b-bcfa-03c0257c53a0"", ""data_type"": ""tracking:checkpoint"", ""description"": ""irb"", ""dropoutCode"": 0}";"2020-10-13 20:33:09"
"2";"{""city"": ""Seattle"", ""uuid"": ""17ad7214-a1e0-400b-bcfa-03c0257c53a0"", ""country"": ""United States"", ""data_type"": ""litw:initialize"", ""userAgent"": ""Mozilla/5.0 (X11; Linux x86_64; rv:81.0) Gecko/20100101 Firefox/81.0"", ""contentLanguage"": ""en""}";"2020-10-13 20:33:10"
"3";"{""uuid"": ""17ad7214-a1e0-400b-bcfa-03c0257c53a0"", ""data_type"": ""tracking:checkpoint"", ""description"": ""demographics"", ""dropoutCode"": 0}";"2020-10-13 20:33:19"
"4";"{""uuid"": ""17ad7214-a1e0-400b-bcfa-03c0257c53a0"", ""status"": ""OK"", ""data_type"": ""study_client:data"", ""georesult"": {""google_types"": [""locality"", ""political""], ""google_place_id"": ""ChIJVTPokywQkFQRmtVEaUZlJRA"", ""formatted_address"": ""Seattle, WA, USA""}, ""geolocation"": {""lat"": 47.6062095, ""lng"": -122.3320708}, ""typed_address"": ""Seattle, WA""}";"2020-10-13 20:33:44"
"5";"{""uuid"": ""17ad7214-a1e0-400b-bcfa-03c0257c53a0"", ""data_type"": ""study_client:demographics"", ""time_elapsed"": 40387, ""demographics-age"": 40, ""demographics-gender"": ""male"", ""demographics-retake"": ""no"", ""demographics-culture"": ""Brazil"", ""demographics-education"": ""complete-grad-prof"", ""demographics-residence"": ""Seattle, WA"", ""demographics-residence-time"": 5, ""demographics-residence-rural"": ""no""}";"2020-10-13 20:33:58"
"6";"{""uuid"": ""17ad7214-a1e0-400b-bcfa-03c0257c53a0"", ""data_type"": ""tracking:checkpoint"", ""description"": ""pickTechnology"", ""dropoutCode"": 0}";"2020-10-13 20:33:59"
"7";"{""use"": ""sometimes"", ""tech"": ""Tinder"", ""uuid"": ""17ad7214-a1e0-400b-bcfa-03c0257c53a0"", ""card1"": """", ""card2"": ""bbbbbbbbbbb\\n222222\\ntest"", ""card3"": """", ""card4"": """", ""feeling"": ""1"", ""category"": ""tech-dating"", ""data_type"": ""study_client:data""}";"2020-10-13 20:34:22"
"8";"{""uuid"": ""17ad7214-a1e0-400b-bcfa-03c0257c53a0"", ""data_type"": ""tracking:checkpoint"", ""description"": ""useTechnology"", ""dropoutCode"": 0}";"2020-10-13 20:34:24"
"9";"{""uuid"": ""17ad7214-a1e0-400b-bcfa-03c0257c53a0"", ""data_type"": ""study_client:data"", ""want_tech"": [{""store"": ""Google"", ""app_id"": ""com.nianticlabs.hpwu.prod"", ""app_url"": ""https://play.google.com/store/apps/details?id=com.nianticlabs.hpwu.prod"", ""app_name"": ""Harry Potter:  Wizards Unite"", ""app_image"": ""https://lh3.googleusercontent.com/T6SZis-H-Z-EO49tOlhlVRLbsvhKlc1bbdTCFJSg6RBkk1HdyvGzTUPjlM67ZgOWsw=s180""}, {""store"": ""Google"", ""app_id"": ""com.pof.android"", ""app_url"": ""https://play.google.com/store/apps/details?id=com.pof.android"", ""app_name"": ""Plenty of Fish Free Dating App"", ""app_image"": ""https://lh3.googleusercontent.com/AieYhZ0Ps4gceUDefb8ieYR8cDfuEuGLf4_6ku6k9QtL0QsLGkPyHs6suWlYSGN9rQ=s180""}]}";"2020-10-13 20:34:51"
"10";"{""uuid"": ""17ad7214-a1e0-400b-bcfa-03c0257c53a0"", ""data_type"": ""tracking:checkpoint"", ""description"": ""comments"", ""dropoutCode"": 0}";"2020-10-13 20:34:52"
"11";"{""uuid"": ""c1e0f792-7b0c-4a43-b4f7-c215226bc35d"", ""data_type"": ""tracking:checkpoint"", ""description"": ""irb"", ""dropoutCode"": 0}";"2020-10-21 20:37:13"
"12";"{""city"": ""Seattle"", ""uuid"": ""c1e0f792-7b0c-4a43-b4f7-c215226bc35d"", ""country"": ""United States"", ""data_type"": ""litw:initialize"", ""userAgent"": ""Mozilla/5.0 (X11; Linux x86_64; rv:82.0) Gecko/20100101 Firefox/82.0"", ""contentLanguage"": ""en""}";"2020-10-21 20:37:13"
"13";"{""uuid"": ""16a042d4-dd66-45e2-aaad-dc3d8020a050"", ""data_type"": ""tracking:checkpoint"", ""description"": ""irb"", ""dropoutCode"": 0}";"2020-10-21 20:37:25"
"14";"{""city"": ""Seattle"", ""uuid"": ""16a042d4-dd66-45e2-aaad-dc3d8020a050"", ""country"": ""United States"", ""data_type"": ""litw:initialize"", ""userAgent"": ""Mozilla/5.0 (X11; Linux x86_64; rv:82.0) Gecko/20100101 Firefox/82.0"", ""contentLanguage"": ""en""}";"2020-10-21 20:37:26"
"15";"{""uuid"": ""16a042d4-dd66-45e2-aaad-dc3d8020a050"", ""data_type"": ""tracking:checkpoint"", ""description"": ""demographics"", ""dropoutCode"": 0}";"2020-10-21 20:37:31"
"16";"{""uuid"": ""16a042d4-dd66-45e2-aaad-dc3d8020a050"", ""status"": ""OK"", ""data_type"": ""study_client:demographics"", ""georesult"": {""google_types"": [""locality"", ""political""], ""google_place_id"": ""ChIJVTPokywQkFQRmtVEaUZlJRA"", ""formatted_address"": ""Seattle, WA, USA""}, ""geolocation"": {""lat"": 47.6062095, ""lng"": -122.3320708}, ""typed_address"": ""Seattle, WA""}";"2020-10-21 20:38:00"
"17";"{""uuid"": ""16a042d4-dd66-45e2-aaad-dc3d8020a050"", ""data_type"": ""study_client:demographics"", ""time_elapsed"": 40100, ""demographics-age"": 40, ""demographics-gender"": ""male"", ""demographics-retake"": ""yes"", ""demographics-culture"": ""Brazil"", ""demographics-education"": ""complete-grad-prof"", ""demographics-residence"": ""Seattle, WA"", ""demographics-residence-time"": 5, ""demographics-residence-rural"": ""no""}";"2020-10-21 20:38:10"
"18";"{""uuid"": ""16a042d4-dd66-45e2-aaad-dc3d8020a050"", ""data_type"": ""tracking:checkpoint"", ""description"": ""pickTechnology"", ""dropoutCode"": 0}";"2020-10-21 20:38:11"
"19";"{""use"": ""never"", ""tech"": ""Harry Potter:  Wizards Unite"", ""uuid"": ""16a042d4-dd66-45e2-aaad-dc3d8020a050"", ""card1"": """", ""card2"": """", ""card3"": ""ccccccccccccc"", ""card4"": """", ""feeling"": ""1"", ""app_code"": ""google_com.nianticlabs.hpwu.prod"", ""category"": ""tech-dating"", ""data_type"": ""study_data:cards"", ""app_search"": ""wizards unite""}";"2020-10-21 20:38:50"
"20";"{""uuid"": ""16a042d4-dd66-45e2-aaad-dc3d8020a050"", ""data_type"": ""tracking:checkpoint"", ""description"": ""useTechnology"", ""dropoutCode"": 0}";"2020-10-21 20:38:53"
"21";"{""uuid"": ""16a042d4-dd66-45e2-aaad-dc3d8020a050"", ""data_type"": ""study_data:other_tech""}";"2020-10-21 20:38:56"
"22";"{""uuid"": ""16a042d4-dd66-45e2-aaad-dc3d8020a050"", ""data_type"": ""tracking:checkpoint"", ""description"": ""comments"", ""dropoutCode"": 0}";"2020-10-21 20:38:57"
"23";"{""uuid"": ""1864ca93-6e42-4af9-872a-6999de5d2973"", ""data_type"": ""tracking:checkpoint"", ""description"": ""irb"", ""dropoutCode"": 0}";"2020-10-27 18:11:03"
"24";"{""city"": ""Seattle"", ""uuid"": ""1864ca93-6e42-4af9-872a-6999de5d2973"", ""country"": ""United States"", ""data_type"": ""litw:initialize"", ""userAgent"": ""Mozilla/5.0 (X11; Linux x86_64; rv:82.0) Gecko/20100101 Firefox/82.0"", ""contentLanguage"": ""en""}";"2020-10-27 18:11:03"
"25";"{""uuid"": ""1864ca93-6e42-4af9-872a-6999de5d2973"", ""data_type"": ""tracking:checkpoint"", ""description"": ""demographics"", ""dropoutCode"": 0}";"2020-10-27 18:11:11"
"26";"{""uuid"": ""1864ca93-6e42-4af9-872a-6999de5d2973"", ""status"": ""OK"", ""data_type"": ""study_client:demographics"", ""georesult"": {""google_types"": [""locality"", ""political""], ""google_place_id"": ""ChIJVTPokywQkFQRmtVEaUZlJRA"", ""formatted_address"": ""Seattle, WA, USA""}, ""geolocation"": {""lat"": 47.6062095, ""lng"": -122.3320708}, ""typed_address"": ""Seattle, WA, USA""}";"2020-10-27 18:11:43"
"27";"{""uuid"": ""1864ca93-6e42-4af9-872a-6999de5d2973"", ""data_type"": ""study_client:demographics"", ""time_elapsed"": 43286, ""demographics-age"": 40, ""demographics-gender"": ""male"", ""demographics-retake"": ""yes"", ""demographics-culture"": ""Brazil"", ""demographics-education"": ""complete-grad-prof"", ""demographics-residence"": ""Seattle, WA, USA"", ""demographics-residence-time"": 5, ""demographics-residence-rural"": ""no""}";"2020-10-27 18:11:54"
"28";"{""uuid"": ""1864ca93-6e42-4af9-872a-6999de5d2973"", ""data_type"": ""tracking:checkpoint"", ""description"": ""pickTechnology"", ""dropoutCode"": 0}";"2020-10-27 18:11:55"
"29";"{""use"": ""sometimes"", ""tech"": ""Uber"", ""uuid"": ""1864ca93-6e42-4af9-872a-6999de5d2973"", ""card1"": """", ""card2"": ""22222222222222222222222\\nbbbbbbbbbbbbbbbb"", ""card3"": """", ""card4"": """", ""feeling"": ""0"", ""category"": ""tech-transportation"", ""data_type"": ""study_data:cards""}";"2020-10-27 18:12:08"
"30";"{""uuid"": ""1864ca93-6e42-4af9-872a-6999de5d2973"", ""data_type"": ""tracking:checkpoint"", ""description"": ""useTechnology"", ""dropoutCode"": 0}";"2020-10-27 18:12:11"
"31";"{""uuid"": ""1864ca93-6e42-4af9-872a-6999de5d2973"", ""data_type"": ""study_data:other_tech"", ""wanted_tech0"": {""store"": ""Google"", ""app_id"": ""com.nianticlabs.hpwu.prod"", ""app_url"": ""https://play.google.com/store/apps/details?id=com.nianticlabs.hpwu.prod"", ""app_name"": ""Harry Potter:  Wizards Unite"", ""app_image"": ""https://play-lh.googleusercontent.com/T6SZis-H-Z-EO49tOlhlVRLbsvhKlc1bbdTCFJSg6RBkk1HdyvGzTUPjlM67ZgOWsw=s180""}}";"2020-10-27 18:12:25"
"32";"{""uuid"": ""1864ca93-6e42-4af9-872a-6999de5d2973"", ""data_type"": ""tracking:checkpoint"", ""description"": ""comments"", ""dropoutCode"": 0}";"2020-10-27 18:12:26"
"33";"{""uuid"": ""1864ca93-6e42-4af9-872a-6999de5d2973"", ""data_type"": ""study_client:comments"", ""time_elapsed"": 5965, ""comment-general"": ""teste""}";"2020-10-27 18:12:31"
"34";"{""uuid"": ""5af4ae03-8275-4d25-8850-b1278a5dd11a"", ""data_type"": ""tracking:checkpoint"", ""description"": ""irb"", ""dropoutCode"": 0}";"2020-12-02 23:09:12"
"35";"{""city"": ""Seattle"", ""uuid"": ""5af4ae03-8275-4d25-8850-b1278a5dd11a"", ""country"": ""United States"", ""data_type"": ""litw:initialize"", ""userAgent"": ""Mozilla/5.0 (X11; Linux x86_64; rv:83.0) Gecko/20100101 Firefox/83.0"", ""contentLanguage"": ""en""}";"2020-12-02 23:09:12"
"36";"{""uuid"": ""2093e3d0-9083-4613-95c0-4e213e42e64d"", ""data_type"": ""formalityLevel"", ""formality_level"": ""informal""}";"2021-03-17 20:31:53"
"37";"{""uuid"": ""2093e3d0-9083-4613-95c0-4e213e42e64d"", ""locale"": ""zh"", ""data_type"": ""locale""}";"2021-03-17 20:31:53"
"38";"{""city"": ""not_fetched_or_initialized"", ""uuid"": ""2093e3d0-9083-4613-95c0-4e213e42e64d"", ""country"": ""not_fetched_or_initialized"", ""data_type"": ""litw:initialize"", ""contentLanguage"": ""zh""}";"2021-03-17 20:31:55"
"39";"{""city"": ""not_fetched_or_initialized"", ""uuid"": ""1912e1cd-5bb1-4c32-9ebe-0aeed5fe96c2"", ""country"": ""not_fetched_or_initialized"", ""data_type"": ""litw:initialize"", ""contentLanguage"": ""zh""}";"2021-03-31 05:49:49"
"40";"{""uuid"": ""1912e1cd-5bb1-4c32-9ebe-0aeed5fe96c2"", ""data_type"": ""tracking:checkpoint"", ""description"": ""irb"", ""dropoutCode"": 0}";"2021-03-31 05:49:51"
"41";"{""uuid"": ""1912e1cd-5bb1-4c32-9ebe-0aeed5fe96c2"", ""data_type"": ""tracking:checkpoint"", ""description"": ""demographics"", ""dropoutCode"": 0}";"2021-03-31 05:49:55"
"42";"{""uuid"": ""1912e1cd-5bb1-4c32-9ebe-0aeed5fe96c2"", ""data_type"": ""study:demographics""}";"2021-03-31 05:50:01"
"43";"{""uuid"": ""1912e1cd-5bb1-4c32-9ebe-0aeed5fe96c2"", ""data_type"": ""tracking:checkpoint"", ""description"": ""instructions"", ""dropoutCode"": 0}";"2021-03-31 05:50:02"
"44";"{""uuid"": ""1912e1cd-5bb1-4c32-9ebe-0aeed5fe96c2"", ""data_type"": ""tracking:checkpoint"", ""description"": ""trials-1-1"", ""dropoutCode"": 0}";"2021-03-31 05:50:06"
"45";"{""uuid"": ""1912e1cd-5bb1-4c32-9ebe-0aeed5fe96c2"", ""data_type"": ""tracking:checkpoint"", ""description"": ""trials-1-2"", ""dropoutCode"": 0}";"2021-03-31 05:50:09"
"46";"{""rt"": 2572, ""page"": ""2-2-regular"", ""uuid"": ""1912e1cd-5bb1-4c32-9ebe-0aeed5fe96c2"", ""page_id"": ""2-2"", ""adjust_rt"": 2572, ""data_type"": ""study:data"", ""img_width"": 1438, ""key_press"": 31, ""img_height"": 1541, ""trial_type"": ""single-stim"", ""trial_index"": 2, ""time_elapsed"": 6137, ""page_condition"": 0, ""scrolling_time"": 0, ""internal_node_id"": ""0.0-2.0""}";"2021-03-31 05:50:10"
"47";"{""uuid"": ""1912e1cd-5bb1-4c32-9ebe-0aeed5fe96c2"", ""data_type"": ""tracking:checkpoint"", ""description"": ""trials-1-3"", ""dropoutCode"": 0}";"2021-03-31 05:50:16"
"48";"{""rt"": 5503, ""page"": ""2-2-regular"", ""uuid"": ""1912e1cd-5bb1-4c32-9ebe-0aeed5fe96c2"", ""page_id"": ""2-2"", ""numWords"": 166, ""data_type"": ""study:data"", ""responses"": [1, 1, 0], ""trial_type"": ""survey-multi-choice"", ""correct_num"": 1, ""trial_index"": 5, ""time_elapsed"": 12661, ""correct_answer"": [0, 1, 2], ""page_condition"": 0, ""correction_rate"": 0.3333333333333333, ""internal_node_id"": ""0.0-5.0""}";"2021-03-31 05:50:17"
"49";"{""uuid"": ""1912e1cd-5bb1-4c32-9ebe-0aeed5fe96c2"", ""data_type"": ""tracking:checkpoint"", ""description"": ""trials-1-4"", ""dropoutCode"": 0}";"2021-03-31 05:50:20"
"50";"{""rt"": 2879, ""page"": ""1-2-regular"", ""uuid"": ""1912e1cd-5bb1-4c32-9ebe-0aeed5fe96c2"", ""page_id"": ""1-2"", ""adjust_rt"": 1977, ""data_type"": ""study:data"", ""img_width"": 1438, ""key_press"": 31, ""img_height"": 2390, ""trial_type"": ""single-stim"", ""trial_index"": 8, ""time_elapsed"": 16546, ""page_condition"": 0, ""scrolling_time"": 902, ""internal_node_id"": ""0.0-8.0""}";"2021-03-31 05:50:21"
"51";"{""rt"": 3057, ""page"": ""1-2-regular"", ""uuid"": ""1912e1cd-5bb1-4c32-9ebe-0aeed5fe96c2"", ""page_id"": ""1-2"", ""numWords"": 383, ""data_type"": ""study:data"", ""responses"": [2, 2, 2], ""trial_type"": ""survey-multi-choice"", ""correct_num"": 1, ""trial_index"": 11, ""time_elapsed"": 20608, ""correct_answer"": [0, 2, 0], ""page_condition"": 0, ""correction_rate"": 0.3333333333333333, ""internal_node_id"": ""0.0-11.0""}";"2021-03-31 05:50:24"
"52";"{""uuid"": ""1912e1cd-5bb1-4c32-9ebe-0aeed5fe96c2"", ""data_type"": ""tracking:checkpoint"", ""description"": ""trials-1-5"", ""dropoutCode"": 0}";"2021-03-31 05:50:25"
"53";"{""rt"": 2928, ""page"": ""3-1-regular"", ""uuid"": ""1912e1cd-5bb1-4c32-9ebe-0aeed5fe96c2"", ""page_id"": ""3-1"", ""adjust_rt"": 2227, ""data_type"": ""study:data"", ""img_width"": 1438, ""key_press"": 31, ""img_height"": 2124, ""trial_type"": ""single-stim"", ""trial_index"": 14, ""time_elapsed"": 24542, ""page_condition"": 0, ""scrolling_time"": 701, ""internal_node_id"": ""0.0-14.0""}";"2021-03-31 05:50:28"
"54";"{""uuid"": ""1912e1cd-5bb1-4c32-9ebe-0aeed5fe96c2"", ""data_type"": ""tracking:checkpoint"", ""description"": ""trials-1-6"", ""dropoutCode"": 0}";"2021-03-31 05:50:29"
"55";"{""uuid"": ""1912e1cd-5bb1-4c32-9ebe-0aeed5fe96c2"", ""data_type"": ""tracking:checkpoint"", ""description"": ""Survey-1"", ""dropoutCode"": 0}";"2021-03-31 05:50:32"
"56";"{""uuid"": ""1912e1cd-5bb1-4c32-9ebe-0aeed5fe96c2"", ""data_type"": ""tracking:checkpoint"", ""description"": ""survey"", ""dropoutCode"": 0}";"2021-03-31 05:50:33"
"57";"{""rt"": 3348, ""page"": ""3-1-regular"", ""uuid"": ""1912e1cd-5bb1-4c32-9ebe-0aeed5fe96c2"", ""page_id"": ""3-1"", ""numWords"": 106, ""data_type"": ""study:data"", ""responses"": [0, 1, 1], ""trial_type"": ""survey-multi-choice"", ""correct_num"": 2, ""trial_index"": 17, ""time_elapsed"": 28894, ""correct_answer"": [0, 2, 1], ""page_condition"": 0, ""correction_rate"": 0.6666666666666666, ""internal_node_id"": ""0.0-17.0""}";"2021-03-31 05:50:33"
"58";"{""city"": ""not_fetched_or_initialized"", ""uuid"": ""43c5cb25-a062-4a35-bbb6-05e17a355b96"", ""country"": ""not_fetched_or_initialized"", ""data_type"": ""litw:initialize"", ""contentLanguage"": ""zh""}";"2021-04-13 05:22:03"
"59";"{""uuid"": ""43c5cb25-a062-4a35-bbb6-05e17a355b96"", ""data_type"": ""tracking:checkpoint"", ""description"": ""irb"", ""dropoutCode"": 0}";"2021-04-13 05:22:06"
"60";"{""uuid"": ""43c5cb25-a062-4a35-bbb6-05e17a355b96"", ""data_type"": ""tracking:checkpoint"", ""description"": ""demographics"", ""dropoutCode"": 0}";"2021-04-13 05:22:10"
"61";"{""uuid"": ""43c5cb25-a062-4a35-bbb6-05e17a355b96"", ""data_type"": ""study:demographics""}";"2021-04-13 05:23:22"
"62";"{""uuid"": ""43c5cb25-a062-4a35-bbb6-05e17a355b96"", ""data_type"": ""tracking:checkpoint"", ""description"": ""instructions"", ""dropoutCode"": 0}";"2021-04-13 05:23:23"
"63";"{""city"": ""not_fetched_or_initialized"", ""uuid"": ""d572e6ed-f4d7-41d5-97ed-ecd07e1cc17c"", ""country"": ""not_fetched_or_initialized"", ""data_type"": ""litw:initialize"", ""contentLanguage"": ""zh""}";"2021-04-14 20:55:27"
"64";"{""uuid"": ""d572e6ed-f4d7-41d5-97ed-ecd07e1cc17c"", ""data_type"": ""tracking:checkpoint"", ""description"": ""irb"", ""dropoutCode"": 0}";"2021-04-14 20:55:28"
"65";"{""uuid"": ""d572e6ed-f4d7-41d5-97ed-ecd07e1cc17c"", ""data_type"": ""tracking:checkpoint"", ""description"": ""demographics"", ""dropoutCode"": 0}";"2021-04-14 20:55:31"
"66";"{""uuid"": ""d572e6ed-f4d7-41d5-97ed-ecd07e1cc17c"", ""data_type"": ""study:demographics""}";"2021-04-14 20:55:34"
"67";"{""uuid"": ""d572e6ed-f4d7-41d5-97ed-ecd07e1cc17c"", ""data_type"": ""tracking:checkpoint"", ""description"": ""instructions"", ""dropoutCode"": 0}";"2021-04-14 20:55:35"
"68";"{""city"": ""not_fetched_or_initialized"", ""uuid"": ""b85403fb-25c1-4727-b8fb-4d172a4fac76"", ""country"": ""not_fetched_or_initialized"", ""data_type"": ""litw:initialize"", ""contentLanguage"": """"}";"2021-05-18 03:59:00"
"69";"{""uuid"": ""b85403fb-25c1-4727-b8fb-4d172a4fac76"", ""data_type"": ""tracking:checkpoint"", ""description"": ""irb"", ""dropoutCode"": 0}";"2021-05-18 03:59:01"
"70";"{""uuid"": ""b85403fb-25c1-4727-b8fb-4d172a4fac76"", ""data_type"": ""tracking:checkpoint"", ""description"": ""demographics"", ""dropoutCode"": 0}";"2021-05-18 03:59:04"
"71";"{""age"": ""24"", ""uuid"": ""b85403fb-25c1-4727-b8fb-4d172a4fac76"", ""gender"": ""0"", ""retake"": ""1"", ""data_type"": ""study:demographics""}";"2021-05-18 03:59:11"
"72";"{""uuid"": ""b85403fb-25c1-4727-b8fb-4d172a4fac76"", ""data_type"": ""tracking:checkpoint"", ""description"": ""settingsSurvey"", ""dropoutCode"": 0}";"2021-05-18 03:59:12"
"73";"{""uuid"": ""b85403fb-25c1-4727-b8fb-4d172a4fac76"", ""dataType"": ""settingsSurvey"", ""data_type"": ""study:data"", ""screen_size"": """", ""setting_other"": """"}";"2021-05-18 03:59:14"
"74";"{""uuid"": ""b85403fb-25c1-4727-b8fb-4d172a4fac76"", ""data_type"": ""tracking:checkpoint"", ""description"": ""setup"", ""dropoutCode"": 0}";"2021-05-18 03:59:15"
"75";"{""city"": ""not_fetched_or_initialized"", ""uuid"": ""5fca5288-b347-47bb-8443-2d4005ad0ca9"", ""country"": ""not_fetched_or_initialized"", ""data_type"": ""litw:initialize"", ""contentLanguage"": ""en""}";"2021-06-02 17:39:53"
"76";"{""city"": ""not_fetched_or_initialized"", ""uuid"": ""cc82b287-bcef-4cae-a03e-8ff0d2fa8302"", ""country"": ""not_fetched_or_initialized"", ""data_type"": ""litw:initialize"", ""contentLanguage"": ""en""}";"2021-06-02 17:40:00"
"77";"{""city"": ""not_fetched_or_initialized"", ""uuid"": ""d9c7af44-e378-43c7-ae99-7b3a1302f0cc"", ""country"": ""not_fetched_or_initialized"", ""data_type"": ""litw:initialize"", ""contentLanguage"": ""en""}";"2021-06-02 17:44:29"
"78";"{""city"": ""not_fetched_or_initialized"", ""uuid"": ""6686081f-6690-4ac6-a779-4fa1d506259f"", ""country"": ""not_fetched_or_initialized"", ""data_type"": ""litw:initialize"", ""contentLanguage"": ""en""}";"2021-06-02 18:41:03"
"79";"{""city"": ""not_fetched_or_initialized"", ""uuid"": ""56cd6125-6350-4d56-a04e-157aa3d4424f"", ""country"": ""not_fetched_or_initialized"", ""data_type"": ""litw:initialize"", ""contentLanguage"": ""en""}";"2021-06-02 21:57:19"
"80";"{""uuid"": ""56cd6125-6350-4d56-a04e-157aa3d4424f"", ""data_type"": ""tracking:checkpoint"", ""description"": ""irb"", ""dropoutCode"": 0}";"2021-06-02 21:57:20"
"81";"{""city"": ""not_fetched_or_initialized"", ""uuid"": ""32066cfd-8789-4d37-9116-7581767badd3"", ""country"": ""not_fetched_or_initialized"", ""data_type"": ""litw:initialize"", ""contentLanguage"": ""en""}";"2021-06-02 21:57:39"
"82";"{""city"": ""not_fetched_or_initialized"", ""uuid"": ""f403f91f-b6fa-48c6-80ef-30194fd2a256"", ""country"": ""not_fetched_or_initialized"", ""data_type"": ""litw:initialize"", ""contentLanguage"": ""en""}";"2021-06-02 21:58:10"
"83";"{""city"": ""not_fetched_or_initialized"", ""uuid"": ""b34f743d-2fd0-4404-ae1a-4ceff9204e8f"", ""country"": ""not_fetched_or_initialized"", ""data_type"": ""litw:initialize"", ""contentLanguage"": ""en""}";"2021-06-03 01:20:05"
"84";"{""city"": ""not_fetched_or_initialized"", ""uuid"": ""c98d4272-21ff-406a-a5af-d0e10fdc3ed7"", ""country"": ""not_fetched_or_initialized"", ""data_type"": ""litw:initialize"", ""contentLanguage"": ""en""}";"2021-06-03 01:20:14"
"85";"{""city"": ""not_fetched_or_initialized"", ""uuid"": ""f0f39e77-6c52-4d89-b324-182cfb45e6db"", ""country"": ""not_fetched_or_initialized"", ""data_type"": ""litw:initialize"", ""contentLanguage"": ""en""}";"2021-06-03 01:26:18"
"86";"{""uuid"": ""f0f39e77-6c52-4d89-b324-182cfb45e6db"", ""data_type"": ""tracking:checkpoint"", ""description"": ""irb"", ""dropoutCode"": 0}";"2021-06-03 01:26:19"
"87";"{""uuid"": ""f0f39e77-6c52-4d89-b324-182cfb45e6db"", ""data_type"": ""tracking:checkpoint"", ""description"": ""knowledgeQ"", ""dropoutCode"": 0}";"2021-06-03 01:26:23"
"88";"{""city"": ""not_fetched_or_initialized"", ""uuid"": ""2ee19544-f7cd-4634-9d49-54a7744b9f0d"", ""country"": ""not_fetched_or_initialized"", ""data_type"": ""litw:initialize"", ""contentLanguage"": ""en""}";"2021-06-03 01:29:25"
"89";"{""uuid"": ""2ee19544-f7cd-4634-9d49-54a7744b9f0d"", ""data_type"": ""tracking:checkpoint"", ""description"": ""irb"", ""dropoutCode"": 0}";"2021-06-03 01:29:26"
"90";"{""uuid"": ""2ee19544-f7cd-4634-9d49-54a7744b9f0d"", ""data_type"": ""tracking:checkpoint"", ""description"": ""knowledgeQ"", ""dropoutCode"": 0}";"2021-06-03 01:29:29"
"91";"{""uuid"": ""2ee19544-f7cd-4634-9d49-54a7744b9f0d"", ""data_type"": ""tracking:checkpoint"", ""description"": ""imageAndArticle"", ""dropoutCode"": 0}";"2021-06-03 01:29:56"
"92";"{""uuid"": ""2ee19544-f7cd-4634-9d49-54a7744b9f0d"", ""data_type"": ""tracking:checkpoint"", ""description"": ""nonVisualQuestion"", ""dropoutCode"": 0}";"2021-06-03 01:30:03"
"93";"{""uuid"": ""2ee19544-f7cd-4634-9d49-54a7744b9f0d"", ""data_type"": ""tracking:checkpoint"", ""description"": ""visualQuestion"", ""dropoutCode"": 0}";"2021-06-03 01:30:08"
"94";"{""uuid"": ""2ee19544-f7cd-4634-9d49-54a7744b9f0d"", ""data_type"": ""tracking:checkpoint"", ""description"": ""imageQuestion"", ""dropoutCode"": 0}";"2021-06-03 01:30:11"
"95";"{""uuid"": ""2ee19544-f7cd-4634-9d49-54a7744b9f0d"", ""data_type"": ""tracking:checkpoint"", ""description"": ""knowledgeQ"", ""dropoutCode"": 0}";"2021-06-03 01:30:18"
"96";"{""uuid"": ""2ee19544-f7cd-4634-9d49-54a7744b9f0d"", ""data_type"": ""tracking:checkpoint"", ""description"": ""imageAndArticle"", ""dropoutCode"": 0}";"2021-06-03 01:30:23"
"97";"{""uuid"": ""2ee19544-f7cd-4634-9d49-54a7744b9f0d"", ""data_type"": ""tracking:checkpoint"", ""description"": ""nonVisualQuestion"", ""dropoutCode"": 0}";"2021-06-03 01:30:30"
"98";"{""uuid"": ""2ee19544-f7cd-4634-9d49-54a7744b9f0d"", ""data_type"": ""tracking:checkpoint"", ""description"": ""visualQuestion"", ""dropoutCode"": 0}";"2021-06-03 01:30:41"
"99";"{""uuid"": ""2ee19544-f7cd-4634-9d49-54a7744b9f0d"", ""data_type"": ""tracking:checkpoint"", ""description"": ""imageQuestion"", ""dropoutCode"": 0}";"2021-06-03 01:30:45"
"100";"{""uuid"": ""2ee19544-f7cd-4634-9d49-54a7744b9f0d"", ""data_type"": ""tracking:checkpoint"", ""description"": ""knowledgeQ"", ""dropoutCode"": 0}";"2021-06-03 01:30:49"
"101";"{""uuid"": ""2ee19544-f7cd-4634-9d49-54a7744b9f0d"", ""data_type"": ""tracking:checkpoint"", ""description"": ""imageAndArticle"", ""dropoutCode"": 0}";"2021-06-03 01:30:53"
"102";"{""uuid"": ""2ee19544-f7cd-4634-9d49-54a7744b9f0d"", ""data_type"": ""tracking:checkpoint"", ""description"": ""nonVisualQuestion"", ""dropoutCode"": 0}";"2021-06-03 01:31:02"
"103";"{""uuid"": ""2ee19544-f7cd-4634-9d49-54a7744b9f0d"", ""data_type"": ""tracking:checkpoint"", ""description"": ""visualQuestion"", ""dropoutCode"": 0}";"2021-06-03 01:31:05"
"104";"{""uuid"": ""2ee19544-f7cd-4634-9d49-54a7744b9f0d"", ""data_type"": ""tracking:checkpoint"", ""description"": ""imageQuestion"", ""dropoutCode"": 0}";"2021-06-03 01:31:10"
"105";"{""uuid"": ""2ee19544-f7cd-4634-9d49-54a7744b9f0d"", ""data_type"": ""tracking:checkpoint"", ""description"": ""demographics"", ""dropoutCode"": 0}";"2021-06-03 01:31:17"
"106";"{""uuid"": ""2ee19544-f7cd-4634-9d49-54a7744b9f0d"", ""mobile"": false, ""data_type"": ""study:data"", ""totalScore"": 3, ""totalWords"": 1008, ""trial_type"": ""call-function"", ""trial_index"": 36, ""userBrowser"": ""Mozilla Firefox"", ""time_elapsed"": 107425, ""userDeviceSm"": ""(Windows NT 10.0; Win64; x64"", ""answersImage1"": [""https://upload.wikimedia.org/wikipedia/commons/4/45/Olea3_%285545489299%29.jpg"", ""https://upload.wikimedia.org/wikipedia/commons/d/da/Pork_tacos_at_the_Rendezvous_%2826943375693%29.jpg"", ""https://upload.wikimedia.org/wikipedia/commons/6/6b/Black_bean_corn_tacos_at_Down_The_Rabbit_Hole_2018.jpg"", ""https://upload.wikimedia.org/wikipedia/commons/6/65/Tacos_at_Boardwalk_Bistro_on_Hastings%2C_Noosa_Heads.jpg""], ""answersImage2"": [""https://upload.wikimedia.org/wikipedia/commons/e/e3/Frittelle_di_carnevale.jpg"", ""https://upload.wikimedia.org/wikipedia/commons/4/4c/BeignetsPowderdSugarCDM.jpg"", ""https://upload.wikimedia.org/wikipedia/commons/6/69/Pastry-Donut-Jelly-Powdered.jpg"", ""https://upload.wikimedia.org/wikipedia/commons/d/d9/Funnel_cake_20040821_172200_1.1655x1275.jpg""], ""answersImage3"": [""https://upload.wikimedia.org/wikipedia/commons/e/e3/Ingapirca_04.jpg"", ""https://upload.wikimedia.org/wikipedia/commons/1/19/Daufuskie_Island_-_shell_structure_2.jpg"", ""https://upload.wikimedia.org/wikipedia/commons/b/b4/The_Roman_ruins_of_S%C3%A3o_Cucufate%2C_with_the_principal_elevation_of_the_villa_%C3%81ulica%2C_Portugal_%2816613974300%29.jpg"", ""https://upload.wikimedia.org/wikipedia/commons/9/92/Chacchoben_-_Maya_ruins_2020_-_Pyramid.jpg""], ""answersVisual1"": [""pear"", ""pineapple"", ""watermelon"", ""mango""], ""answersVisual2"": [""fresh fruit"", ""Powdered sugar"", ""maple syrup"", ""jam""], ""answersVisual3"": [""Triangle"", ""Elliptical"", ""Square"", ""Half-moon""], ""studyStartTime"": 1622683767160, ""mainImageWidth1"": ""200px"", ""mainImageWidth2"": ""220px"", ""mainImageWidth3"": ""220px"", ""surveyTimeTotal"": 1.6, ""articleTimeTotal"": 12.377, ""internal_node_id"": ""0.0-36.0"", ""answersNonVisual1"": [""lamb"", ""chicken"", ""beef"", ""pork""], ""answersNonVisual2"": [""chicory"", ""maca"", ""dandelion"", ""endive""], ""answersNonVisual3"": [""Ca¤ari"", ""Quichua"", ""Quitu"", ""Inca""], ""titleOfArticleOne"": ""Al pastor"", ""titleOfArticleTwo"": ""Cafe du Monde"", ""visualQuestionOne"": ""What is the shape of the Temple of the Sun?"", ""breakOneFinishTime"": 1622683802774, ""breakTwoFinishTime"": 1622683829467, ""articleOneWordCount"": 310, ""articleTwoWordCount"": 274, ""titleOfArticleThree"": ""Ingapirca"", ""articleOneFinishTime"": 1622683798309, ""articleTwoFinishTime"": 1622683825380, ""breakThreeFinishTime"": 1622683861505, ""nonVisualQuestionOne"": ""What kind of meat do tacos al pastor typically contain?"", ""nonVisualQuestionTwo"": ""What special ingredient is added to the coffee at Caf‚ du Monde?"", ""articleThreeWordCount"": 424, ""imageQuestionOneScore"": 1, ""imageQuestionTwoScore"": 1, ""knowledgeOfArticleOne"": ""3"", ""knowledgeOfArticleTwo"": ""2"", ""articleThreeFinishTime"": 1622683857519, ""nonVisualQuestionThree"": ""Who originally settled the area of Ingapirca?"", ""visualQuestionOneScore"": 1, ""visualQuestionTwoScore"": 0, ""imageQuestionThreeScore"": 0, ""knowledgeOfArticleThree"": ""3"", ""articleOneImageDisplayed"": false, ""articleTwoImageDisplayed"": true, ""imageQuestionOneResponce"": ""https://upload.wikimedia.org/wikipedia/commons/4/45/Olea3_%285545489299%29.jpg"", ""imageQuestionTwoResponce"": ""https://upload.wikimedia.org/wikipedia/commons/4/4c/BeignetsPowderdSugarCDM.jpg"", ""visualQuestionThreeScore"": 0, ""knowledgeOfArticleOneTime"": 1622683794896, ""knowledgeOfArticleTwoTime"": 1622683821727, ""nonVisualQuestionOneScore"": 0, ""nonVisualQuestionTwoScore"": 0, ""visualQuestionOneResponce"": ""pineapple"", ""visualQuestionTwoResponce"": ""fresh fruit"", ""articleThreeImageDisplayed"": false, ""imageQuestionOneFinishTime"": 1622683816830, ""imageQuestionThreeResponce"": ""https://upload.wikimedia.org/wikipedia/commons/b/b4/The_Roman_ruins_of_S%C3%A3o_Cucufate%2C_with_the_principal_elevation_of_the_villa_%C3%81ulica%2C_Portugal_%2816613974300%29.jpg"", ""imageQuestionTwoFinishTime"": 1622683847742, ""knowledgeOfArticleThreeTime"": 1622683852208, ""nonVisualQuestionThreeScore"": 0, ""visualQuestionOneFinishTime"": 1622683810340, ""visualQuestionThreeResponce"": ""Triangle"", ""visualQuestionTwoFinishTime"": 1622683844146, ""imageQuestionThreeFinishTime"": 1622683875836, ""nonVisualQuestionOneResponce"": ""chicken"", ""nonVisualQuestionTwoResponce"": ""dandelion"", ""visualQuestionThreeFinishTime"": 1622683868573, ""nonVisualQuestionOneFinishTime"": 1622683806612, ""nonVisualQuestionThreeResponce"": ""Quichua"", ""nonVisualQuestionThreeFinishTime"": 1622683864481}";"2021-06-03 01:31:18"
"107";"{""age"": ""21"", ""uuid"": ""2ee19544-f7cd-4634-9d49-54a7744b9f0d"", ""gender"": ""1"", ""retake"": ""1"", ""country0"": ""United States"", ""language"": ""Russian"", ""data_type"": ""study:demographics"", ""education"": ""college"", ""proficiency0"": ""Advanced""}";"2021-06-03 01:31:51"
"108";"{""uuid"": ""2ee19544-f7cd-4634-9d49-54a7744b9f0d"", ""cheating"": ""no"", ""data_type"": ""study:comments"", ""technical"": ""no"", ""general-comments"": """", ""cheating-comments"": """", ""technical-comments"": """"}";"2021-06-03 01:31:59"
"109";"{""uuid"": ""8bcb2055-0130-45db-8728-6c77bef82688"", ""data_type"": ""tracking:checkpoint"", ""description"": ""irb"", ""dropoutCode"": 0}";"2021-06-03 01:33:31"
"110";"{""city"": ""not_fetched_or_initialized"", ""uuid"": ""8bcb2055-0130-45db-8728-6c77bef82688"", ""country"": ""not_fetched_or_initialized"", ""data_type"": ""litw:initialize"", ""contentLanguage"": ""en""}";"2021-06-03 01:33:32"
"111";"{""city"": ""not_fetched_or_initialized"", ""uuid"": ""e25d3378-5686-4360-9bad-8ad73e46d9aa"", ""country"": ""not_fetched_or_initialized"", ""data_type"": ""litw:initialize"", ""contentLanguage"": ""en""}";"2021-06-03 14:38:19"
"112";"{""uuid"": ""e25d3378-5686-4360-9bad-8ad73e46d9aa"", ""data_type"": ""tracking:checkpoint"", ""description"": ""irb"", ""dropoutCode"": 0}";"2021-06-03 14:38:19"
"113";"{""uuid"": ""e25d3378-5686-4360-9bad-8ad73e46d9aa"", ""data_type"": ""tracking:checkpoint"", ""description"": ""knowledgeQ"", ""dropoutCode"": 0}";"2021-06-03 14:38:33"
"114";"{""uuid"": ""e25d3378-5686-4360-9bad-8ad73e46d9aa"", ""data_type"": ""tracking:checkpoint"", ""description"": ""imageAndArticle"", ""dropoutCode"": 0}";"2021-06-03 14:38:49"
"115";"{""city"": ""not_fetched_or_initialized"", ""uuid"": ""c2bacf17-75a8-4be4-8d8d-cf1933e7bb25"", ""country"": ""not_fetched_or_initialized"", ""data_type"": ""litw:initialize"", ""contentLanguage"": ""en""}";"2021-06-03 22:09:06"
"116";"{""uuid"": ""c2bacf17-75a8-4be4-8d8d-cf1933e7bb25"", ""data_type"": ""tracking:checkpoint"", ""description"": ""irb"", ""dropoutCode"": 0}";"2021-06-03 22:09:07"
"117";"{""uuid"": ""c2bacf17-75a8-4be4-8d8d-cf1933e7bb25"", ""data_type"": ""tracking:checkpoint"", ""description"": ""knowledgeQ"", ""dropoutCode"": 0}";"2021-06-03 22:09:22"
"118";"{""uuid"": ""c2bacf17-75a8-4be4-8d8d-cf1933e7bb25"", ""data_type"": ""tracking:checkpoint"", ""description"": ""imageAndArticle"", ""dropoutCode"": 0}";"2021-06-03 22:09:43"
"119";"{""uuid"": ""c2bacf17-75a8-4be4-8d8d-cf1933e7bb25"", ""data_type"": ""tracking:checkpoint"", ""description"": ""nonVisualQuestion"", ""dropoutCode"": 0}";"2021-06-03 22:13:47"
"120";"{""uuid"": ""c2bacf17-75a8-4be4-8d8d-cf1933e7bb25"", ""data_type"": ""tracking:checkpoint"", ""description"": ""visualQuestion"", ""dropoutCode"": 0}";"2021-06-04 15:54:13"
"121";"{""uuid"": ""c2bacf17-75a8-4be4-8d8d-cf1933e7bb25"", ""data_type"": ""tracking:checkpoint"", ""description"": ""imageQuestion"", ""dropoutCode"": 0}";"2021-06-04 15:55:09"
"122";"{""uuid"": ""c2bacf17-75a8-4be4-8d8d-cf1933e7bb25"", ""data_type"": ""tracking:checkpoint"", ""description"": ""knowledgeQ"", ""dropoutCode"": 0}";"2021-06-04 15:55:22"
"123";"{""uuid"": ""c2bacf17-75a8-4be4-8d8d-cf1933e7bb25"", ""data_type"": ""tracking:checkpoint"", ""description"": ""imageAndArticle"", ""dropoutCode"": 0}";"2021-06-04 15:55:35"
"124";"{""uuid"": ""c2bacf17-75a8-4be4-8d8d-cf1933e7bb25"", ""data_type"": ""tracking:checkpoint"", ""description"": ""nonVisualQuestion"", ""dropoutCode"": 0}";"2021-06-04 15:55:51"
"125";"{""uuid"": ""c2bacf17-75a8-4be4-8d8d-cf1933e7bb25"", ""data_type"": ""tracking:checkpoint"", ""description"": ""visualQuestion"", ""dropoutCode"": 0}";"2021-06-04 15:56:05"
"126";"{""uuid"": ""c2bacf17-75a8-4be4-8d8d-cf1933e7bb25"", ""data_type"": ""tracking:checkpoint"", ""description"": ""imageQuestion"", ""dropoutCode"": 0}";"2021-06-04 15:56:26"
"127";"{""uuid"": ""c2bacf17-75a8-4be4-8d8d-cf1933e7bb25"", ""data_type"": ""tracking:checkpoint"", ""description"": ""knowledgeQ"", ""dropoutCode"": 0}";"2021-06-04 15:57:41"
"128";"{""uuid"": ""c2bacf17-75a8-4be4-8d8d-cf1933e7bb25"", ""data_type"": ""tracking:checkpoint"", ""description"": ""imageAndArticle"", ""dropoutCode"": 0}";"2021-06-04 15:57:50"
"129";"{""uuid"": ""c2bacf17-75a8-4be4-8d8d-cf1933e7bb25"", ""data_type"": ""tracking:checkpoint"", ""description"": ""nonVisualQuestion"", ""dropoutCode"": 0}";"2021-06-04 15:58:02"
"130";"{""uuid"": ""c2bacf17-75a8-4be4-8d8d-cf1933e7bb25"", ""data_type"": ""tracking:checkpoint"", ""description"": ""visualQuestion"", ""dropoutCode"": 0}";"2021-06-04 15:58:21"
"131";"{""uuid"": ""c2bacf17-75a8-4be4-8d8d-cf1933e7bb25"", ""data_type"": ""tracking:checkpoint"", ""description"": ""imageQuestion"", ""dropoutCode"": 0}";"2021-06-04 15:58:28"
"132";"{""uuid"": ""c2bacf17-75a8-4be4-8d8d-cf1933e7bb25"", ""data_type"": ""tracking:checkpoint"", ""description"": ""demographics"", ""dropoutCode"": 0}";"2021-06-04 15:58:41"
"133";"{""uuid"": ""c2bacf17-75a8-4be4-8d8d-cf1933e7bb25"", ""mobile"": false, ""data_type"": ""study:data"", ""totalScore"": 4, ""totalWords"": 1346, ""trial_type"": ""call-function"", ""trial_index"": 36, ""userBrowser"": ""Google Chrome or Chromium"", ""time_elapsed"": 64158723, ""userDeviceSm"": ""(Macintosh; Intel Mac "", ""answersImage1"": [""https://upload.wikimedia.org/wikipedia/commons/8/88/Aurelio%27s_Pizza_%281%29.jpg"", ""https://upload.wikimedia.org/wikipedia/commons/b/bd/Chicago-style_pizza.jpg"", ""https://upload.wikimedia.org/wikipedia/commons/d/d6/Pizza_pan.jpg"", ""https://upload.wikimedia.org/wikipedia/commons/5/54/Detroit_Style_Pizza_in_Lloyds_Detroit_Style_Pan_%28cropped%29.png""], ""answersImage2"": [""https://upload.wikimedia.org/wikipedia/commons/0/03/Westweg_Louisiana_September_2017_37.jpg"", ""https://upload.wikimedia.org/wikipedia/commons/b/bb/Beans_Ball-Akara.jpg"", ""https://upload.wikimedia.org/wikipedia/commons/0/05/Falafel_balls.jpg"", ""https://upload.wikimedia.org/wikipedia/commons/4/4c/Zin_Deoi.jpg""], ""answersImage3"": [""https://upload.wikimedia.org/wikipedia/commons/a/a4/Toro1.jpg"", ""https://upload.wikimedia.org/wikipedia/commons/5/5a/Du_Fu_Thatched_Cottage_Garden.jpg"", ""https://upload.wikimedia.org/wikipedia/commons/4/40/Hutong_1_%28Snowyowls%29.jpg"", ""https://upload.wikimedia.org/wikipedia/commons/b/b6/Korea-Seoul-Bukchon-19.jpg""], ""answersVisual1"": [""Round"", ""Rectangle"", ""Square"", ""Free-form""], ""answersVisual2"": [""vegetable"", ""palm"", ""olive"", ""sesame""], ""answersVisual3"": [""green (covered with plants)"", ""straw"", ""tiles"", ""wood""], ""studyStartTime"": 1622758158526, ""mainImageWidth1"": ""270px"", ""mainImageWidth2"": ""220px"", ""mainImageWidth3"": ""220px"", ""surveyTimeTotal"": 1069.1, ""articleTimeTotal"": 257.085, ""internal_node_id"": ""0.0-36.0"", ""answersNonVisual1"": [""1920s"", ""1980s"", ""1960s"", ""1940s""], ""answersNonVisual2"": [""Wedding"", ""Rite of passage"", ""Death of a person who has come of Age"", ""Birth of a child""], ""answersNonVisual3"": [""Ondol"", ""Giwa"", ""Daecheong"", ""Hanji""], ""titleOfArticleOne"": ""Detroit-style pizza"", ""titleOfArticleTwo"": ""Akara"", ""visualQuestionOne"": ""What kind of roofing do hanoks have?"", ""breakOneFinishTime"": 1622758426364, ""breakTwoFinishTime"": 1622822150859, ""articleOneWordCount"": 266, ""articleTwoWordCount"": 418, ""titleOfArticleThree"": ""Hanok"", ""articleOneFinishTime"": 1622758418509, ""articleTwoFinishTime"": 1622822145641, ""breakThreeFinishTime"": 1622822282686, ""nonVisualQuestionOne"": ""When was the Detroit-style pizza developed?"", ""nonVisualQuestionTwo"": ""In the Yoruba culture, akara was specially prepared when what event occurred?"", ""articleThreeWordCount"": 662, ""imageQuestionOneScore"": 0, ""imageQuestionTwoScore"": 1, ""knowledgeOfArticleOne"": ""2"", ""knowledgeOfArticleTwo"": ""1"", ""articleThreeFinishTime"": 1622822277915, ""nonVisualQuestionThree"": ""What is the name of the floor-based heating system traditionally used in hanoks?"", ""visualQuestionOneScore"": 0, ""visualQuestionTwoScore"": 1, ""imageQuestionThreeScore"": 0, ""knowledgeOfArticleThree"": ""1"", ""articleOneImageDisplayed"": true, ""articleTwoImageDisplayed"": true, ""imageQuestionOneResponce"": ""https://upload.wikimedia.org/wikipedia/commons/b/bd/Chicago-style_pizza.jpg"", ""imageQuestionTwoResponce"": ""https://upload.wikimedia.org/wikipedia/commons/b/bb/Beans_Ball-Akara.jpg"", ""visualQuestionThreeScore"": 0, ""knowledgeOfArticleOneTime"": 1622758182293, ""knowledgeOfArticleTwoTime"": 1622822133851, ""nonVisualQuestionOneScore"": 0, ""nonVisualQuestionTwoScore"": 1, ""visualQuestionOneResponce"": ""Round"", ""visualQuestionTwoResponce"": ""palm"", ""articleThreeImageDisplayed"": true, ""imageQuestionOneFinishTime"": 1622822121191, ""imageQuestionThreeResponce"": ""https://upload.wikimedia.org/wikipedia/commons/4/40/Hutong_1_%28Snowyowls%29.jpg"", ""imageQuestionTwoFinishTime"": 1622822260042, ""knowledgeOfArticleThreeTime"": 1622822268836, ""nonVisualQuestionThreeScore"": 1, ""visualQuestionOneFinishTime"": 1622822108441, ""visualQuestionThreeResponce"": ""green (covered with plants)"", ""visualQuestionTwoFinishTime"": 1622822184973, ""imageQuestionThreeFinishTime"": 1622822320229, ""nonVisualQuestionOneResponce"": ""1920s"", ""nonVisualQuestionTwoResponce"": ""Death of a person who has come of Age"", ""visualQuestionThreeFinishTime"": 1622822307579, ""nonVisualQuestionOneFinishTime"": 1622822052271, ""nonVisualQuestionThreeResponce"": ""Ondol"", ""nonVisualQuestionThreeFinishTime"": 1622822300177}";"2021-06-04 15:58:42"
"134";"{""age"": ""7"", ""uuid"": ""c2bacf17-75a8-4be4-8d8d-cf1933e7bb25"", ""gender"": ""1"", ""retake"": ""1"", ""country0"": ""United States"", ""language"": ""English"", ""data_type"": ""study:demographics"", ""education"": ""college"", ""proficiency0"": ""Advanced""}";"2021-06-04 15:59:07"
"135";"{""uuid"": ""c2bacf17-75a8-4be4-8d8d-cf1933e7bb25"", ""cheating"": ""no"", ""data_type"": ""study:comments"", ""technical"": ""no"", ""general-comments"": """", ""cheating-comments"": """", ""technical-comments"": """"}";"2021-06-04 15:59:14"
"136";"{""uuid"": ""443a9e36-2c5e-4969-8fa0-475ed57136e5"", ""data_type"": ""tracking:checkpoint"", ""description"": ""irb"", ""dropoutCode"": 0}";"2021-06-04 16:35:14"
"137";"{""city"": ""not_fetched_or_initialized"", ""uuid"": ""443a9e36-2c5e-4969-8fa0-475ed57136e5"", ""country"": ""not_fetched_or_initialized"", ""data_type"": ""litw:initialize"", ""contentLanguage"": ""en""}";"2021-06-04 16:35:15"
"138";"{""uuid"": ""ecf4ad72-b8bd-4c5c-8138-66ed533dc189"", ""data_type"": ""tracking:checkpoint"", ""description"": ""irb"", ""dropoutCode"": 0}";"2021-06-04 17:04:59"
"139";"{""city"": ""not_fetched_or_initialized"", ""uuid"": ""ecf4ad72-b8bd-4c5c-8138-66ed533dc189"", ""country"": ""not_fetched_or_initialized"", ""data_type"": ""litw:initialize"", ""contentLanguage"": ""en""}";"2021-06-04 17:05:00"
"140";"{""uuid"": ""ecf4ad72-b8bd-4c5c-8138-66ed533dc189"", ""data_type"": ""tracking:checkpoint"", ""description"": ""knowledgeQ"", ""dropoutCode"": 0}";"2021-06-04 17:08:51"
"141";"{""uuid"": ""ecf4ad72-b8bd-4c5c-8138-66ed533dc189"", ""data_type"": ""tracking:checkpoint"", ""description"": ""imageAndArticle"", ""dropoutCode"": 0}";"2021-06-04 17:09:42"
"142";"{""city"": ""not_fetched_or_initialized"", ""uuid"": ""5c4d6b27-064e-4688-b2ef-b97dd546bf86"", ""country"": ""not_fetched_or_initialized"", ""data_type"": ""litw:initialize"", ""contentLanguage"": ""en""}";"2021-06-04 17:12:41"
"143";"{""uuid"": ""5c4d6b27-064e-4688-b2ef-b97dd546bf86"", ""data_type"": ""tracking:checkpoint"", ""description"": ""irb"", ""dropoutCode"": 0}";"2021-06-04 17:12:42"
"144";"{""uuid"": ""5c4d6b27-064e-4688-b2ef-b97dd546bf86"", ""data_type"": ""tracking:checkpoint"", ""description"": ""knowledgeQ"", ""dropoutCode"": 0}";"2021-06-04 17:12:48"
"145";"{""uuid"": ""5c4d6b27-064e-4688-b2ef-b97dd546bf86"", ""data_type"": ""tracking:checkpoint"", ""description"": ""imageAndArticle"", ""dropoutCode"": 0}";"2021-06-04 17:13:03"
"146";"{""uuid"": ""5c4d6b27-064e-4688-b2ef-b97dd546bf86"", ""data_type"": ""tracking:checkpoint"", ""description"": ""nonVisualQuestion"", ""dropoutCode"": 0}";"2021-06-04 17:13:19"
"147";"{""uuid"": ""5c4d6b27-064e-4688-b2ef-b97dd546bf86"", ""data_type"": ""tracking:checkpoint"", ""description"": ""visualQuestion"", ""dropoutCode"": 0}";"2021-06-04 17:13:38"
"148";"{""uuid"": ""5c4d6b27-064e-4688-b2ef-b97dd546bf86"", ""data_type"": ""tracking:checkpoint"", ""description"": ""imageQuestion"", ""dropoutCode"": 0}";"2021-06-04 17:14:13"
"149";"{""uuid"": ""5c4d6b27-064e-4688-b2ef-b97dd546bf86"", ""data_type"": ""tracking:checkpoint"", ""description"": ""knowledgeQ"", ""dropoutCode"": 0}";"2021-06-04 17:14:27"
"150";"{""uuid"": ""5c4d6b27-064e-4688-b2ef-b97dd546bf86"", ""data_type"": ""tracking:checkpoint"", ""description"": ""imageAndArticle"", ""dropoutCode"": 0}";"2021-06-04 17:14:39"
"151";"{""uuid"": ""5c4d6b27-064e-4688-b2ef-b97dd546bf86"", ""data_type"": ""tracking:checkpoint"", ""description"": ""nonVisualQuestion"", ""dropoutCode"": 0}";"2021-06-04 17:14:48"
"152";"{""uuid"": ""5c4d6b27-064e-4688-b2ef-b97dd546bf86"", ""data_type"": ""tracking:checkpoint"", ""description"": ""visualQuestion"", ""dropoutCode"": 0}";"2021-06-04 17:14:54"
"153";"{""uuid"": ""5c4d6b27-064e-4688-b2ef-b97dd546bf86"", ""data_type"": ""tracking:checkpoint"", ""description"": ""imageQuestion"", ""dropoutCode"": 0}";"2021-06-04 17:15:02"
"154";"{""uuid"": ""5c4d6b27-064e-4688-b2ef-b97dd546bf86"", ""data_type"": ""tracking:checkpoint"", ""description"": ""knowledgeQ"", ""dropoutCode"": 0}";"2021-06-04 17:15:13"
"155";"{""uuid"": ""5c4d6b27-064e-4688-b2ef-b97dd546bf86"", ""data_type"": ""tracking:checkpoint"", ""description"": ""imageAndArticle"", ""dropoutCode"": 0}";"2021-06-04 17:15:52"
"156";"{""uuid"": ""5c4d6b27-064e-4688-b2ef-b97dd546bf86"", ""data_type"": ""tracking:checkpoint"", ""description"": ""nonVisualQuestion"", ""dropoutCode"": 0}";"2021-06-04 17:16:00"
"157";"{""uuid"": ""5c4d6b27-064e-4688-b2ef-b97dd546bf86"", ""data_type"": ""tracking:checkpoint"", ""description"": ""visualQuestion"", ""dropoutCode"": 0}";"2021-06-04 17:16:05"
"158";"{""uuid"": ""5c4d6b27-064e-4688-b2ef-b97dd546bf86"", ""data_type"": ""tracking:checkpoint"", ""description"": ""imageQuestion"", ""dropoutCode"": 0}";"2021-06-04 17:16:09"
"159";"{""uuid"": ""5c4d6b27-064e-4688-b2ef-b97dd546bf86"", ""mobile"": false, ""data_type"": ""study:data"", ""totalScore"": 2, ""totalWords"": 1306, ""trial_type"": ""call-function"", ""trial_index"": 36, ""userBrowser"": ""Mozilla Firefox"", ""time_elapsed"": 206544, ""userDeviceSm"": ""(X11; Ubuntu; Li"", ""answersImage1"": [""https://upload.wikimedia.org/wikipedia/commons/2/22/Pita_sa_jabukama_i_tankim_korama.jpg"", ""https://upload.wikimedia.org/wikipedia/commons/6/6d/Bridie.jpg"", ""https://upload.wikimedia.org/wikipedia/commons/c/cf/Jiguang_pastry%2C_Matsu%2C_Taiwan.JPG"", ""https://upload.wikimedia.org/wikipedia/commons/7/73/Boyoz_in_%C4%B0zmir.jpg""], ""answersImage2"": [""https://upload.wikimedia.org/wikipedia/commons/b/b4/The_burial_mound_of_the_Plataeans_in_Marathon_on_January_15%2C_2019.jpg"", ""https://upload.wikimedia.org/wikipedia/commons/b/bf/Newgrange_circular_mound.jpg"", ""https://upload.wikimedia.org/wikipedia/commons/4/44/Knowth01.JPG"", ""https://upload.wikimedia.org/wikipedia/commons/a/aa/Tustrup_jaettestue.jpg""], ""answersImage3"": [""https://upload.wikimedia.org/wikipedia/commons/thumb/f/f1/Mayan_-_Stucco_Portrait_Head_-_Walters_20092026.jpg/445px-Mayan_-_Stucco_Portrait_Head_-_Walters_20092026.jpg"", ""https://upload.wikimedia.org/wikipedia/commons/9/98/Statue_n%C3%A9olithique_model%C3%A9e_%28mus%C3%A9e_arch%C3%A9ologique%2C_Amman%2C_Jordanie%29_%2838288033154%29.jpg"", ""https://upload.wikimedia.org/wikipedia/commons/4/4e/Ahu-Akivi-1.JPG"", ""https://upload.wikimedia.org/wikipedia/commons/2/20/CabezaColosal1_MuseoXalapa_v1.1.jpg""], ""answersVisual1"": [""Rolled"", ""Triangle"", ""Square"", ""Round""], ""answersVisual2"": [""tree trunks"", ""quartz cobblestones"", ""clay bricks"", ""sandstone""], ""answersVisual3"": [""Hooked"", ""Aquiline"", ""Flat"", ""Upturned""], ""studyStartTime"": 1622826765048, ""mainImageWidth1"": ""250px"", ""mainImageWidth2"": ""220px"", ""mainImageWidth3"": ""250px"", ""surveyTimeTotal"": 3.2, ""articleTimeTotal"": 18.706, ""internal_node_id"": ""0.0-36.0"", ""answersNonVisual1"": [""Ankara"", ""Izmir"", ""Istanbul"", ""Bursa""], ""answersNonVisual2"": [""Mesolithic period"", ""Neolithic"", ""Bronze Age"", ""Iron Age""], ""answersNonVisual3"": [""Children"", ""Women"", ""Olmec rulers"", ""Warriors""], ""titleOfArticleOne"": ""Boyoz"", ""titleOfArticleTwo"": ""Newgrange"", ""visualQuestionOne"": ""How is the nose of a typical Olmec Head?"", ""breakOneFinishTime"": 1622826799555, ""breakTwoFinishTime"": 1622826888058, ""articleOneWordCount"": 431, ""articleTwoWordCount"": 482, ""titleOfArticleThree"": ""Olmec colossal heads"", ""articleOneFinishTime"": 1622826793583, ""articleTwoFinishTime"": 1622826881243, ""breakThreeFinishTime"": 1622826960138, ""nonVisualQuestionOne"": ""What Turkish city is Boyoz associated with?"", ""nonVisualQuestionTwo"": ""During which period was Newgrange built?"", ""articleThreeWordCount"": 393, ""imageQuestionOneScore"": 1, ""imageQuestionTwoScore"": 0, ""knowledgeOfArticleOne"": ""1"", ""knowledgeOfArticleTwo"": ""1"", ""articleThreeFinishTime"": 1622826954855, ""nonVisualQuestionThree"": ""Who are the preople represented in the Olmec heads?"", ""visualQuestionOneScore"": 0, ""visualQuestionTwoScore"": 0, ""imageQuestionThreeScore"": 0, ""knowledgeOfArticleThree"": ""4"", ""articleOneImageDisplayed"": false, ""articleTwoImageDisplayed"": false, ""imageQuestionOneResponce"": ""https://upload.wikimedia.org/wikipedia/commons/7/73/Boyoz_in_%C4%B0zmir.jpg"", ""imageQuestionTwoResponce"": ""https://upload.wikimedia.org/wikipedia/commons/a/aa/Tustrup_jaettestue.jpg"", ""visualQuestionThreeScore"": 0, ""knowledgeOfArticleOneTime"": 1622826782538, ""knowledgeOfArticleTwoTime"": 1622826877740, ""nonVisualQuestionOneScore"": 0, ""nonVisualQuestionTwoScore"": 1, ""visualQuestionOneResponce"": ""Triangle"", ""visualQuestionTwoResponce"": ""sandstone"", ""articleThreeImageDisplayed"": true, ""imageQuestionOneFinishTime"": 1622826866151, ""imageQuestionThreeResponce"": ""https://upload.wikimedia.org/wikipedia/commons/thumb/f/f1/Mayan_-_Stucco_Portrait_Head_-_Walters_20092026.jpg/445px-Mayan_-_Stucco_Portrait_Head_-_Walters_20092026.jpg"", ""imageQuestionTwoFinishTime"": 1622826911881, ""knowledgeOfArticleThreeTime"": 1622826950697, ""nonVisualQuestionThreeScore"": 0, ""visualQuestionOneFinishTime"": 1622826852332, ""visualQuestionThreeResponce"": ""Aquiline"", ""visualQuestionTwoFinishTime"": 1622826901544, ""imageQuestionThreeFinishTime"": 1622826973240, ""nonVisualQuestionOneResponce"": ""Istanbul"", ""nonVisualQuestionTwoResponce"": ""Neolithic"", ""visualQuestionThreeFinishTime"": 1622826968128, ""nonVisualQuestionOneFinishTime"": 1622826817005, ""nonVisualQuestionThreeResponce"": ""Women"", ""nonVisualQuestionThreeFinishTime"": 1622826963741}";"2021-06-04 17:16:14"
"160";"{""uuid"": ""5c4d6b27-064e-4688-b2ef-b97dd546bf86"", ""data_type"": ""tracking:checkpoint"", ""description"": ""demographics"", ""dropoutCode"": 0}";"2021-06-04 17:16:15"
"161";"{""uuid"": ""5c4d6b27-064e-4688-b2ef-b97dd546bf86"", ""retake"": ""0"", ""country0"": ""Brazil"", ""data_type"": ""study:demographics""}";"2021-06-04 17:16:29"
"162";"{""uuid"": ""5c4d6b27-064e-4688-b2ef-b97dd546bf86"", ""cheating"": ""no"", ""data_type"": ""study:comments"", ""technical"": ""no"", ""general-comments"": """", ""cheating-comments"": """", ""technical-comments"": """"}";"2021-06-04 17:16:44"
"163";"{""city"": ""not_fetched_or_initialized"", ""uuid"": ""dfee7d3a-2456-474b-a664-3feb56e00a50"", ""country"": ""not_fetched_or_initialized"", ""data_type"": ""litw:initialize"", ""contentLanguage"": ""en""}";"2021-06-04 17:25:57"
"164";"{""uuid"": ""dfee7d3a-2456-474b-a664-3feb56e00a50"", ""data_type"": ""tracking:checkpoint"", ""description"": ""irb"", ""dropoutCode"": 0}";"2021-06-04 17:25:57"
"165";"{""city"": ""not_fetched_or_initialized"", ""uuid"": ""3d949497-a185-493e-bef7-7de92329f1c0"", ""country"": ""not_fetched_or_initialized"", ""data_type"": ""litw:initialize"", ""contentLanguage"": ""en""}";"2021-06-04 17:27:17"
"166";"{""uuid"": ""3d949497-a185-493e-bef7-7de92329f1c0"", ""data_type"": ""tracking:checkpoint"", ""description"": ""irb"", ""dropoutCode"": 0}";"2021-06-04 17:27:17"
"167";"{""city"": ""not_fetched_or_initialized"", ""uuid"": ""76dc5e9d-ce00-4a50-8951-97866eebcbcd"", ""country"": ""not_fetched_or_initialized"", ""data_type"": ""litw:initialize"", ""contentLanguage"": ""en""}";"2021-06-04 17:35:56"
"168";"{""uuid"": ""76dc5e9d-ce00-4a50-8951-97866eebcbcd"", ""data_type"": ""tracking:checkpoint"", ""description"": ""irb"", ""dropoutCode"": 0}";"2021-06-04 17:35:57"
"169";"{""city"": ""not_fetched_or_initialized"", ""uuid"": ""925376be-0548-4547-9a67-1068eacb03a0"", ""country"": ""not_fetched_or_initialized"", ""data_type"": ""litw:initialize"", ""contentLanguage"": ""en""}";"2021-06-04 17:59:08"
"170";"{""uuid"": ""925376be-0548-4547-9a67-1068eacb03a0"", ""data_type"": ""tracking:checkpoint"", ""description"": ""irb"", ""dropoutCode"": 0}";"2021-06-04 17:59:08"
"171";"{""uuid"": ""925376be-0548-4547-9a67-1068eacb03a0"", ""data_type"": ""tracking:checkpoint"", ""description"": ""knowledgeQ"", ""dropoutCode"": 0}";"2021-06-04 17:59:16"
"172";"{""city"": ""not_fetched_or_initialized"", ""uuid"": ""450c0af5-f59f-4fc2-95af-b6e579c0fa7d"", ""country"": ""not_fetched_or_initialized"", ""data_type"": ""litw:initialize"", ""contentLanguage"": ""en""}";"2021-06-04 17:59:22"
"173";"{""uuid"": ""450c0af5-f59f-4fc2-95af-b6e579c0fa7d"", ""data_type"": ""tracking:checkpoint"", ""description"": ""irb"", ""dropoutCode"": 0}";"2021-06-04 17:59:23"
"174";"{""uuid"": ""925376be-0548-4547-9a67-1068eacb03a0"", ""data_type"": ""tracking:checkpoint"", ""description"": ""imageAndArticle"", ""dropoutCode"": 0}";"2021-06-04 17:59:29"
"175";"{""uuid"": ""925376be-0548-4547-9a67-1068eacb03a0"", ""data_type"": ""tracking:checkpoint"", ""description"": ""nonVisualQuestion"", ""dropoutCode"": 0}";"2021-06-04 18:00:20"
"176";"{""uuid"": ""925376be-0548-4547-9a67-1068eacb03a0"", ""data_type"": ""tracking:checkpoint"", ""description"": ""visualQuestion"", ""dropoutCode"": 0}";"2021-06-04 18:00:33"
"177";"{""uuid"": ""925376be-0548-4547-9a67-1068eacb03a0"", ""data_type"": ""tracking:checkpoint"", ""description"": ""imageQuestion"", ""dropoutCode"": 0}";"2021-06-04 18:00:47"
"178";"{""uuid"": ""925376be-0548-4547-9a67-1068eacb03a0"", ""data_type"": ""tracking:checkpoint"", ""description"": ""knowledgeQ"", ""dropoutCode"": 0}";"2021-06-04 18:00:55"
"179";"{""uuid"": ""925376be-0548-4547-9a67-1068eacb03a0"", ""data_type"": ""tracking:checkpoint"", ""description"": ""imageAndArticle"", ""dropoutCode"": 0}";"2021-06-04 18:01:06"
"180";"{""uuid"": ""925376be-0548-4547-9a67-1068eacb03a0"", ""data_type"": ""tracking:checkpoint"", ""description"": ""nonVisualQuestion"", ""dropoutCode"": 0}";"2021-06-04 18:01:47"
"181";"{""uuid"": ""925376be-0548-4547-9a67-1068eacb03a0"", ""data_type"": ""tracking:checkpoint"", ""description"": ""visualQuestion"", ""dropoutCode"": 0}";"2021-06-04 18:01:54"
"182";"{""uuid"": ""925376be-0548-4547-9a67-1068eacb03a0"", ""data_type"": ""tracking:checkpoint"", ""description"": ""imageQuestion"", ""dropoutCode"": 0}";"2021-06-04 18:02:03"
"183";"{""uuid"": ""925376be-0548-4547-9a67-1068eacb03a0"", ""data_type"": ""tracking:checkpoint"", ""description"": ""knowledgeQ"", ""dropoutCode"": 0}";"2021-06-04 18:02:14"
"184";"{""uuid"": ""925376be-0548-4547-9a67-1068eacb03a0"", ""data_type"": ""tracking:checkpoint"", ""description"": ""imageAndArticle"", ""dropoutCode"": 0}";"2021-06-04 18:02:24"
"185";"{""uuid"": ""925376be-0548-4547-9a67-1068eacb03a0"", ""data_type"": ""tracking:checkpoint"", ""description"": ""nonVisualQuestion"", ""dropoutCode"": 0}";"2021-06-04 18:02:36"
"186";"{""uuid"": ""925376be-0548-4547-9a67-1068eacb03a0"", ""data_type"": ""tracking:checkpoint"", ""description"": ""visualQuestion"", ""dropoutCode"": 0}";"2021-06-04 18:02:46"
"187";"{""uuid"": ""925376be-0548-4547-9a67-1068eacb03a0"", ""data_type"": ""tracking:checkpoint"", ""description"": ""imageQuestion"", ""dropoutCode"": 0}";"2021-06-04 18:02:54"
"188";"{""uuid"": ""925376be-0548-4547-9a67-1068eacb03a0"", ""data_type"": ""tracking:checkpoint"", ""description"": ""demographics"", ""dropoutCode"": 0}";"2021-06-04 18:03:05"
"189";"{""uuid"": ""925376be-0548-4547-9a67-1068eacb03a0"", ""mobile"": false, ""data_type"": ""study:data"", ""totalScore"": 4, ""totalWords"": 1409, ""trial_type"": ""call-function"", ""trial_index"": 36, ""userBrowser"": ""Google Chrome or Chromium"", ""time_elapsed"": 230032, ""userDeviceSm"": ""(Macintosh; Intel Mac "", ""answersImage1"": [""https://upload.wikimedia.org/wikipedia/commons/8/89/Halit_%28NaCl%29_-_Kopalnia_soli_Wieliczka%2C_Polska.jpg"", ""https://upload.wikimedia.org/wikipedia/commons/0/04/Bischofite_-_Antofagasta.JPG"", ""https://upload.wikimedia.org/wikipedia/commons/0/0f/Fluorite_Le_Beix_MNHN_Min%C3%A9ralogie.jpg"", ""https://upload.wikimedia.org/wikipedia/commons/4/4e/Atacamite-235102.jpg""], ""answersImage2"": [""https://upload.wikimedia.org/wikipedia/commons/thumb/a/ab/Parasol_mushroom.jpg/120px-Parasol_mushroom.jpg"", ""https://upload.wikimedia.org/wikipedia/commons/8/81/Melanophyllum_haematospermum_Hidalgo.jpg"", ""https://upload.wikimedia.org/wikipedia/commons/thumb/3/3f/Amiant-K%C3%B6rnchenschirmling_Cystoderma_amianthinum.jpg/468px-Amiant-K%C3%B6rnchenschirmling_Cystoderma_amianthinum.jpg"", ""https://upload.wikimedia.org/wikipedia/commons/thumb/d/d1/Fliegenpilz-1.jpg/440px-Fliegenpilz-1.jpg""], ""answersImage3"": [""https://upload.wikimedia.org/wikipedia/commons/3/3c/Salto_del_Angel-Canaima-Venezuela08.JPG"", ""https://upload.wikimedia.org/wikipedia/commons/f/f4/Cataratas_Victoria%2C_Zambia-Zimbabue%2C_2018-07-27%2C_DD_36-43_PAN.jpg"", ""https://upload.wikimedia.org/wikipedia/commons/9/9d/American_Falls_Niagara_Falls_USA_from_Skylon_Tower_on_2002-05-28.png"", ""https://upload.wikimedia.org/wikipedia/commons/a/ab/3Falls_Niagara.jpg""], ""answersVisual1"": [""It comes in a larger range of colors"", ""It can only be yellow or orange"", ""It can only be red"", ""It can only be green or blue""], ""answersVisual2"": [""Free form"", ""Egg"", ""Flat"", ""Saddle""], ""answersVisual3"": [""Kafue"", ""Zambezi River"", ""Chobe River"", ""Limpopo River""], ""studyStartTime"": 1622829552840, ""mainImageWidth1"": ""260px"", ""mainImageWidth2"": ""220px"", ""mainImageWidth3"": ""230px"", ""surveyTimeTotal"": 3.5, ""articleTimeTotal"": 86.33399999999999, ""internal_node_id"": ""0.0-36.0"", ""answersNonVisual1"": [""Flux"", ""Flame retardent"", ""Cement"", ""Hardening alloy""], ""answersNonVisual2"": [""in tropical regions"", ""In temperate regions"", ""in sub-saharan regions"", ""in artic regions""], ""answersNonVisual3"": [""The Smoke that Thunders"", ""The Rushing Water"", ""The Place of the Rainbow"", ""Matetsi Falls""], ""titleOfArticleOne"": ""Fluorite"", ""titleOfArticleTwo"": ""Macrolepiota procera"", ""visualQuestionOne"": ""What is the name of the main river that flows into Victoria Falls?"", ""breakOneFinishTime"": 1622829620287, ""breakTwoFinishTime"": 1622829707137, ""articleOneWordCount"": 497, ""articleTwoWordCount"": 397, ""titleOfArticleThree"": ""Victoria Falls"", ""articleOneFinishTime"": 1622829612253, ""articleTwoFinishTime"": 1622829700365, ""breakThreeFinishTime"": 1622829756088, ""nonVisualQuestionOne"": ""What is an industrial use of fluorite?"", ""nonVisualQuestionTwo"": ""In which regions can you find the \\""parasol\\"" mushroom?"", ""articleThreeWordCount"": 515, ""imageQuestionOneScore"": 1, ""imageQuestionTwoScore"": 0, ""knowledgeOfArticleOne"": ""2"", ""knowledgeOfArticleTwo"": ""1"", ""articleThreeFinishTime"": 1622829750793, ""nonVisualQuestionThree"": ""What does 'Mosi-oa-Tunya' roughly translate to?"", ""visualQuestionOneScore"": 0, ""visualQuestionTwoScore"": 0, ""imageQuestionThreeScore"": 0, ""knowledgeOfArticleThree"": ""2"", ""articleOneImageDisplayed"": true, ""articleTwoImageDisplayed"": true, ""imageQuestionOneResponce"": ""https://upload.wikimedia.org/wikipedia/commons/0/0f/Fluorite_Le_Beix_MNHN_Min%C3%A9ralogie.jpg"", ""imageQuestionTwoResponce"": ""https://upload.wikimedia.org/wikipedia/commons/thumb/d/d1/Fliegenpilz-1.jpg/440px-Fliegenpilz-1.jpg"", ""visualQuestionThreeScore"": 1, ""knowledgeOfArticleOneTime"": 1622829568385, ""knowledgeOfArticleTwoTime"": 1622829665490, ""nonVisualQuestionOneScore"": 0, ""nonVisualQuestionTwoScore"": 1, ""visualQuestionOneResponce"": ""It can only be green or blue"", ""visualQuestionTwoResponce"": ""Egg"", ""articleThreeImageDisplayed"": false, ""imageQuestionOneFinishTime"": 1622829654194, ""imageQuestionThreeResponce"": ""https://upload.wikimedia.org/wikipedia/commons/a/ab/3Falls_Niagara.jpg"", ""imageQuestionTwoFinishTime"": 1622829733034, ""knowledgeOfArticleThreeTime"": 1622829743202, ""nonVisualQuestionThreeScore"": 1, ""visualQuestionOneFinishTime"": 1622829645847, ""visualQuestionThreeResponce"": ""Zambezi River"", ""visualQuestionTwoFinishTime"": 1622829722333, ""imageQuestionThreeFinishTime"": 1622829784716, ""nonVisualQuestionOneResponce"": ""Flame retardent"", ""nonVisualQuestionTwoResponce"": ""In temperate regions"", ""visualQuestionThreeFinishTime"": 1622829772820, ""nonVisualQuestionOneFinishTime"": 1622829632231, ""nonVisualQuestionThreeResponce"": ""The Smoke that Thunders"", ""nonVisualQuestionThreeFinishTime"": 1622829765056}";"2021-06-04 18:03:07"
"190";"{""uuid"": ""925376be-0548-4547-9a67-1068eacb03a0"", ""retake"": ""0"", ""data_type"": ""study:demographics""}";"2021-06-04 18:03:12"
"191";"{""uuid"": ""925376be-0548-4547-9a67-1068eacb03a0"", ""cheating"": ""no"", ""data_type"": ""study:comments"", ""technical"": ""no"", ""general-comments"": """", ""cheating-comments"": """", ""technical-comments"": """"}";"2021-06-04 18:03:30"
"192";"{""city"": ""not_fetched_or_initialized"", ""uuid"": ""2353313c-4472-49a1-8ac4-8381a71484c9"", ""country"": ""not_fetched_or_initialized"", ""data_type"": ""litw:initialize"", ""contentLanguage"": ""en""}";"2021-06-04 19:24:31"
"193";"{""uuid"": ""2353313c-4472-49a1-8ac4-8381a71484c9"", ""data_type"": ""tracking:checkpoint"", ""description"": ""irb"", ""dropoutCode"": 0}";"2021-06-04 19:24:32"
