Page Title,Section Titles to Display (comma separated),URL of image to display,"Question 1: Text, no need for image",Answer 1,Distractors 1 (comma separated),"Question 2: Text, no need for image",Answer 2,Distractors 2 (comma separated),"Question 3: Text, physical description",Answer 3 ,Distractors 3 (comma separated),"Question 4: Text, physical description",Answer 4,Distractors 4  (comma separated),Image question,Image answer url,Image distractor 1,Image distractor 2,Image distractor 3
David (Donatello),"Main,The bronze David",https://upload.wikimedia.org/wikipedia/commons/7/7f/Florence_-_David_by_Donatello.jpg,"Where is Donatello’s David located?

",Milan,"Florence, Venice, Rome",Who commissioned the statue according to scholars? ,Cosimo de’ Medici,"Pope Sixtus, Lorenzo de’ Medici, Michelozzo",What material is Donatello’s David made of?,bronze,"marble,gold,brass",Is David in Donatello’s sculpture smiling?,yes,no,Which one is Donatello's David?,https://upload.wikimedia.org/wikipedia/commons/9/94/Bronze_David_by_Donatello-Bargello-4.jpg,https://upload.wikimedia.org/wikipedia/commons/3/3b/Augustins_-_David_by_Antonin_Merci%C3%A9_%28D_2005_1%29.jpg,https://upload.wikimedia.org/wikipedia/commons/a/a0/%27David%27_by_Michelangelo_Fir_JBU002.jpg,https://upload.wikimedia.org/wikipedia/commons/a/ae/David%2C_Andrea_del_Verrocchio%2C_ca._1466-69%2C_Bargello_Florenz-01.jpg
Pincho,"Main,Basque Pintxo",https://upload.wikimedia.org/wikipedia/commons/7/78/Bar_de_pinchos_Donosti_01.JPG,In what part of Spain are pinchos traditionally consumed?,North,"South, East, West",Where are pinchos typically consumed?,Taverns/bars,"At home, On the street, In a restaurant",What is the usual base of a pincho?,Sliced bread,"Fruit, Potato cake, Corn patty","Why are they called ""pinchos""?",Because of the toothpick holding them together,"Because they are bite-sized, Because they are spicy, Because they are eaten with alcohol",Which is a pincho?,https://upload.wikimedia.org/wikipedia/commons/5/56/Pinchos_bermeo_2.JPG,https://upload.wikimedia.org/wikipedia/commons/c/cf/Seven_cheese_platter_in_party.jpg,https://upload.wikimedia.org/wikipedia/commons/e/e0/Hors_d%27oeuvre_by_Auriole_Potter.jpg,https://upload.wikimedia.org/wikipedia/commons/7/78/Finger_food-_aubergine%27s_caviar_and_mint_cherry_tomatoes_%2829402673200%29.jpg
Caiman,"Main, Description, Behavior",https://upload.wikimedia.org/wikipedia/commons/c/c7/Caiman_yacare.jpg,Which is the largest caiman species in the world?,Black Caiman,"Spectacled Caiman, Yacare Caiman, Broad-Snouted Caiman",Which of the following is a natural predator of the caiman?,Anaconda,"Leopard, Gorilla, Hippo",How do a caiman's teeth compare to an alligator's teeth?,They are longer and slenderer,"They are shorter and sharper, They are wider and duller, They are smaller and more numerous",What kind of habitat does the caiman usually live in?,Watery jungle,"Dry plains, Open ocean, Rocky beaches",Which is a caiman?,https://upload.wikimedia.org/wikipedia/commons/6/66/Yacare_caiman_%28Caiman_yacare%29_2.jpg,https://upload.wikimedia.org/wikipedia/commons/0/03/American_Alligator.jpg,https://upload.wikimedia.org/wikipedia/commons/a/a4/Biscayne_American_Crocodile_NPS1.jpg,https://upload.wikimedia.org/wikipedia/commons/f/f0/Mugger_crocodile_%28Crocodylus_palustris%29.jpg
Pagoda,"Main, History",https://upload.wikimedia.org/wikipedia/commons/e/ed/Horyu-ji09s3200.jpg,What did pagodas originally house?,sacred relics,"weapons, currency, food stores",What is the origin of the pagoda?,Stupa,"Vihara, Chaitya ",What architectural feature characterizes the pagoda?,Gradual tiered eves,"Wooden structure, Symmetrical tiling and decorations, Sprawling single-story construction",How many stories does a pagoda usually have?,An odd number,"An even number, A lucky number, A royal number",Which is a pagoda?,https://upload.wikimedia.org/wikipedia/commons/2/2d/Sun_and_Moon_Pagodas_Guilin_November_2017_HDR.jpg,https://upload.wikimedia.org/wikipedia/commons/5/50/Great_stupa_in_Mindroling.jpg,https://upload.wikimedia.org/wikipedia/commons/0/03/Kelenteng_Vihara_Buddha_Prabha.jpg,https://upload.wikimedia.org/wikipedia/commons/a/a4/Cave_26%2C_Ajanta.jpg
Newgrange,Main,https://upload.wikimedia.org/wikipedia/commons/0/0f/Irelands_history.jpg,During which period was Newgrange built?,Neolithic,"Mesolithic period, Bronze Age, Iron Age",When is the entrance to Newgrange aligned with the rising sun?,Winter solstice,"Spring equinox, Summer solstice, Autumn equinox",What is the front retaining wall of the mound made of?,quartz cobblestones,"clay bricks, sandstone, tree trunks ",What is the shape of the passage tomb mound?,circle,"triangle, square, half-moon  ",Which is the Newgrange passage tomb?,https://upload.wikimedia.org/wikipedia/commons/b/bf/Newgrange_circular_mound.jpg,https://upload.wikimedia.org/wikipedia/commons/b/b4/The_burial_mound_of_the_Plataeans_in_Marathon_on_January_15%2C_2019.jpg,https://upload.wikimedia.org/wikipedia/commons/a/aa/Tustrup_jaettestue.jpg,https://upload.wikimedia.org/wikipedia/commons/4/44/Knowth01.JPG
Taos Pueblo,"Main, Architecture",https://upload.wikimedia.org/wikipedia/commons/4/4f/Taos_Pueblo_2017-05-05.jpg,What was the primary purpose of the north-side Pueblo when it was built?,defense,"religious structure, dwelling space, food storage",How many rooms do most of the homes in the Taos Pueblo contain?,two,"one, three, five",How are houses built in the Pueblo positioned in relation to each other?,Stacked on top of each other,"Lined up in rows, Organized in a circle, Isolated from each other",What were the Taos Pueblo walls constructed out of?,Reddish-brown adobe,"spruce logs, white limestone, tightly-woven branches",Which is the Taos Pueblo?,https://upload.wikimedia.org/wikipedia/commons/9/95/USA_09669_Taos_Pueblo_Luca_Galuzzi_2007.jpg,https://upload.wikimedia.org/wikipedia/commons/e/ed/Mesa_verde_cliff_palace_close.jpg,https://upload.wikimedia.org/wikipedia/commons/b/ba/San_Francisco_de_Asis_Mission_Church.JPG,https://upload.wikimedia.org/wikipedia/commons/c/c4/The_Cliffs_at_Puye_Cliff_Dwellings_in_Espanola%2C_New_Mexico.jpg
Carolina Reaper,"Main, Pungency, Cultivation",https://upload.wikimedia.org/wikipedia/commons/0/03/Carolina_Reaper_pepper_pods.jpg,How many Scotville Heat Units (SHU) did the hottest individual Carolina Reaper measure?,2.2 million SHU,"1.6 million SHU, 4 million SHU, 500,000 SHU",The Carolina Reaper has been described as having what kind of taste?,fruity,"sour, bitter, salty","When fully ripe, about how big is a Carolina Reaper pepper?",Size of your palm,"Size of your thumbnail, size of your finger, size of your arm",What texture is the Carolina Reaper Pepper?,bumpy,"smooth, rough, fuzzy",Which is a Carolina Reaper pepper?,https://upload.wikimedia.org/wikipedia/commons/b/b8/Carolina_Reaper_Pflanze.jpg,https://upload.wikimedia.org/wikipedia/commons/c/cd/Moruga_Trinidad_Scorpion_ripe.JPG,https://upload.wikimedia.org/wikipedia/commons/c/c2/Peach_Bhut_Jolokia_Ghost_Pepper.jpg,https://upload.wikimedia.org/wikipedia/commons/a/a6/Purple_Bhut_Jolokia_Ghost_Pepper.jpg
Akara,"Main, History",https://upload.wikimedia.org/wikipedia/commons/a/a4/Acaraje-Baiana.jpg,"In the Yoruba culture, akara was specially prepared when what event occurred?",Death of a person who has come of Age,"Wedding, Birth of a child, Rite of passage",In which state is the dish traditionally encountered in Brazil?,Bahia,"Minas Gerais, Rio de Janeiro, São Paulo",Acarajé is made from cooked and mashed cowpeas deep-fried in what kind of oil?,palm,"vegetable, olive, sesame",What is the difference between acarajé and abara?,Abara's ingredients are boiled while acarajé is deep-fried,"Abara is vegetarian while acarajé contains meat, Abara is a religious offering to the gods in the Candomblé religion, Abara is served with hot peppers and is very spicy while acarajé is not",Which is akara?,https://upload.wikimedia.org/wikipedia/commons/b/bb/Beans_Ball-Akara.jpg,https://upload.wikimedia.org/wikipedia/commons/0/03/Westweg_Louisiana_September_2017_37.jpg,https://upload.wikimedia.org/wikipedia/commons/4/4c/Zin_Deoi.jpg,https://upload.wikimedia.org/wikipedia/commons/0/05/Falafel_balls.jpg
Ingapirca,"Main, History",https://upload.wikimedia.org/wikipedia/commons/7/71/Ingapirca_03.jpg,Who originally settled the area of Ingapirca?,Cañari,"Inca, Quichua, Quitu",What modern-day Ecuadorian city did the Inca Túpac Yupanqui improve as a political strategy to conquer the indigenous people of Ingapirca?,Cuenca,"Quito, El Tambo, Riobamba",What is the shape of the Temple of the Sun?,Elliptical,"Triangle, Square, Half-moon","What does it mean that the Temple of the Sun was constructed in the ""Inca way""?",using chiseled stones without mortar,"using molded stone bricks and cement, using thick walls of clay, using a pyramidal structure",Which is Ingapirca?,https://upload.wikimedia.org/wikipedia/commons/e/e3/Ingapirca_04.jpg,https://upload.wikimedia.org/wikipedia/commons/b/b4/The_Roman_ruins_of_S%C3%A3o_Cucufate%2C_with_the_principal_elevation_of_the_villa_%C3%81ulica%2C_Portugal_%2816613974300%29.jpg,https://upload.wikimedia.org/wikipedia/commons/1/19/Daufuskie_Island_-_shell_structure_2.jpg,https://upload.wikimedia.org/wikipedia/commons/9/92/Chacchoben_-_Maya_ruins_2020_-_Pyramid.jpg
Cafe du Monde,"Main, History",https://upload.wikimedia.org/wikipedia/commons/9/9d/Beignets_and_Caf%C3%A9_au_Lait_at_Caf%C3%A9_du_Monde%2C_New_Orleans.jpg,What special ingredient is added to the coffee at Café du Monde?,chicory,"endive, dandelion, maca",Who brought beignets to New Orleans in the 18th century?,Acadians (Cajun),"French, Haitians, Spanish",What are beignets served with at Café du Monde?,Powdered sugar,"jam, maple syrup, fresh fruit",What shape are Café du Monde beignets?,square,"circle, triangle, twist",Which is a beignet from Cafe du Monde?,https://upload.wikimedia.org/wikipedia/commons/4/4c/BeignetsPowderdSugarCDM.jpg,https://upload.wikimedia.org/wikipedia/commons/d/d9/Funnel_cake_20040821_172200_1.1655x1275.jpg,https://upload.wikimedia.org/wikipedia/commons/e/e3/Frittelle_di_carnevale.jpg,https://upload.wikimedia.org/wikipedia/commons/6/69/Pastry-Donut-Jelly-Powdered.jpg
El Panecillo,"Main, Statue",https://upload.wikimedia.org/wikipedia/commons/a/ad/Virgen_de_Quito_Panecillo_03.jpg,What religious order commissioned the building of the Virgin of El Panecillo?,Oblates,"Franciscans, Dominicans, Jesuits","According to Jesuit historian Juan de Velasco, what was located on top of El Panecillo before the arrival of the Spanish?",Temple,"Throne, Tomb, Oven",What aspect of the Virgin of El Panecillo is considered untraditional?,She has wings,"She is stepping on a snake, She is dancing, She is not seated",What is the Virgin of El Panecillo made of?,aluminium,"bronze, granite, cement",Which is the Virgen of El Panecillo?,https://upload.wikimedia.org/wikipedia/commons/0/01/Virgen_de_El_Panecillo%2C_Quito%2C_Ecuador%2C_2015-07-22%2C_DD_24.JPG,https://upload.wikimedia.org/wikipedia/commons/c/c0/Monumento_Virgen_de_La_Paz_II.jpg,https://upload.wikimedia.org/wikipedia/commons/2/25/EDSAShrinejf0089_13.JPG,https://upload.wikimedia.org/wikipedia/commons/8/8e/Kosice_41.jpg
Qutb Minar,"Main, History, Architecture",https://upload.wikimedia.org/wikipedia/commons/c/c0/Qutb_Minar_2011.jpg,Who was the Qutb Minar named after?,Sufi saint Qutbuddin Bakhtiar Kaki,"founder of the Delhi Sultanate Qutb al-Din Aibak, founder of the Suri Empire Sher Shah Suri, Sultan of Delhi Firuz Shah Tughlaq",What is the only other brick minaret that is possibly older than the Qutb Minar?,Minaret of Jam,"Chand Minar, Fateh Burj, Kutlug Timur Minaret",What material are the bottom three storeys of columns made of?,sandstone,"marble, limestone, granite",What is unique about the decoration of the balconies of the Qutb Minar?,stalactite vaulting,"gargoyles, paintings of Garuda, arches",Which is the Qutb Minar?,https://upload.wikimedia.org/wikipedia/commons/2/20/Qutb_Minar_in_perspective.JPG,https://upload.wikimedia.org/wikipedia/commons/5/55/Hashtsal_Minar_02.jpg,https://upload.wikimedia.org/wikipedia/commons/b/bf/Details_of_Jama_Masjid_minaret.jpg,https://upload.wikimedia.org/wikipedia/commons/6/60/4_Charminar.jpg
Al pastor,"Main, History, Preparation",https://upload.wikimedia.org/wikipedia/commons/3/3a/Tacos_al_pastor.jpg,What kind of meat do tacos al pastor typically contain?,pork,"beef, chicken, lamb",What Middle Eastern dish inspired the creation of tacos al pastor?,shawarma,"kofta, tabbouleh, falafel",What fruit is diced and served on top of the taco al pastor?,pineapple,"pear, mango, watermelon",What herb is finely chopped and served on top of the taco al pastor?,cilantro,"basil, parsley, mint",Which is tacos al pastor?,https://upload.wikimedia.org/wikipedia/commons/4/45/Olea3_%285545489299%29.jpg,https://upload.wikimedia.org/wikipedia/commons/6/65/Tacos_at_Boardwalk_Bistro_on_Hastings%2C_Noosa_Heads.jpg,https://upload.wikimedia.org/wikipedia/commons/6/6b/Black_bean_corn_tacos_at_Down_The_Rabbit_Hole_2018.jpg,https://upload.wikimedia.org/wikipedia/commons/d/da/Pork_tacos_at_the_Rendezvous_%2826943375693%29.jpg
Hanok,"Main, History, Characteristics, Materials",https://upload.wikimedia.org/wikipedia/commons/9/95/%EC%88%9C%EC%B2%9C_%EC%86%A1%EA%B4%91%EC%82%AC_%ED%95%98%EC%82%AC%EB%8B%B9_01.jpg,What is the name of the floor-based heating system traditionally used in hanoks?,Ondol,"Giwa, Daecheong, Hanji",What shape would a hanok in the southern regions of Korea be? ,L-shape,"Square, Circle, Triangle",What kind of roofing do hanoks have?,tiles,"straw, wood, green (covered with plants) ",What kind of beams do hanoks use?,wood,"steel, concrete, stone",Which is an example of a hanok?,https://upload.wikimedia.org/wikipedia/commons/b/b6/Korea-Seoul-Bukchon-19.jpg,https://upload.wikimedia.org/wikipedia/commons/a/a4/Toro1.jpg,https://upload.wikimedia.org/wikipedia/commons/5/5a/Du_Fu_Thatched_Cottage_Garden.jpg,https://upload.wikimedia.org/wikipedia/commons/4/40/Hutong_1_%28Snowyowls%29.jpg
Jose Guadalupe Posada,"Main, Career as artist, Notable works",https://upload.wikimedia.org/wikipedia/commons/a/ac/Posada2.Catrina.jpeg,What type of printing did Jose Guadalupe Posada use for his art?,Relief printing,"Screen printing, Woodblock printing, 3D printing",What magazine did Posada continue to make satirical illustrations for during the Mexican Revolution?,El Jicote,"La Patria Ilustrada, La Gacetilla, el Pueblo Caótico",What is iconic about Posada's satirical portraits?,Depiction as skeletons/skulls ,"Extravagant clothing, Caricature features, Depiction as animals ","Who is Posada criticizing in his best known work, La Calavera Catrina? ",Mexican natives adopting European aristocratic traditions,"the government of Francisco Madero, European monarchs, the United States ",Which is a work by Jose Guadalupe Posada?,https://upload.wikimedia.org/wikipedia/commons/8/8f/Jos%C3%A9_Guadalupe_Posada%2C_Calavera_oaxaque%C3%B1a%2C_broadsheet%2C_1903.jpg,https://upload.wikimedia.org/wikipedia/commons/b/b8/%27Bookplate%2C_Portrait%27_by_John_C._Poole%2C_woodblock_print.JPG,https://upload.wikimedia.org/wikipedia/commons/2/2d/Nude_Seated--Front_View%2C_by_William_H._Johnson.jpg,https://upload.wikimedia.org/wikipedia/commons/3/38/Tierra_y_Libertad.jpg
South China tiger,"Main, Characteristics, Ecology and behavior",https://upload.wikimedia.org/wikipedia/commons/8/81/2012_Suedchinesischer_Tiger.JPG,When was the last recorded sighting of a South China tiger in the wild?,1970s,"1950s, 1960s, 1980s",Which of the following is frequently prey for the South China tiger?,Wild boar,"Water buffalo, Goat, Moose","Compared to the Bengal Tiger, what does the South China tiger's coat look liket?",lighter and more yellow,"darker and more orange, the same, lighter and more brown",What do the South China tiger's stripes look like?,narrow and sharp-edged,"wide and pointed, short and dull (almost like spots), numerous with varying shapes",Which is the South China tiger?,https://upload.wikimedia.org/wikipedia/commons/d/d8/Panthera_tigris_amoyensis.jpg,https://upload.wikimedia.org/wikipedia/commons/b/b6/P.t.altaica_female.jpg,https://upload.wikimedia.org/wikipedia/commons/a/a4/White-tiger-2407799_1280.jpg,https://upload.wikimedia.org/wikipedia/commons/e/e1/Sumatran_Tiger_Berlin_Tierpark.jpg
Quonset hut,"Main, Design and history",https://upload.wikimedia.org/wikipedia/commons/5/57/Quonset_hut_emplacement_in_Japan.jpg,What war did the United States manufacture hundreds of thousands of Quonset huts for?,WWII,"Civil War, WWI, Cold War",Where were Quonset huts first manufactured?,Rhode Island,"New York, Massachusetts, Michigan",What shape is the cross-section on the front and back of the Quonset hut?,Semicircular,"Triangular, Rectangular, Circular",What are the walls of the Quonset hut made of?,corrugated steel,"plywood, concrete, aluminium",Which is a Quonset hut?,https://upload.wikimedia.org/wikipedia/commons/0/00/Nankin_Value_Battery_Quonset_hut_Westland_Michigan.JPG,https://upload.wikimedia.org/wikipedia/commons/4/4a/Dymaxion_House_-_LOC_8c14945v.jpg,https://upload.wikimedia.org/wikipedia/commons/3/39/Khutse_Kalahari_Lodge.jpg,https://upload.wikimedia.org/wikipedia/commons/c/c3/Portsmouth_Grammar_School_seen_from_the_High_Street.jpg
Boyoz,"Main, Origin",https://upload.wikimedia.org/wikipedia/commons/5/5d/Boyoz_g%C3%B6sterim.jpg,What Turkish city is Boyoz associated with?,Izmir,"Ankara, Istanbul, Bursa",What beverage is boyoz usually served with?,Dark tea,"Turkish coffee, Raki, Milk",What is the shape of boyoz?,Round,"Square, Rolled, Triangle",What is the most popular stuffing of boyoz?,None (plain),"Meat, cheese, spinach",Which is boyoz?,https://upload.wikimedia.org/wikipedia/commons/7/73/Boyoz_in_%C4%B0zmir.jpg,https://upload.wikimedia.org/wikipedia/commons/6/6d/Bridie.jpg,https://upload.wikimedia.org/wikipedia/commons/c/cf/Jiguang_pastry%2C_Matsu%2C_Taiwan.JPG,https://upload.wikimedia.org/wikipedia/commons/2/22/Pita_sa_jabukama_i_tankim_korama.jpg
Totem pole,"Main, Meaning and purpose",https://upload.wikimedia.org/wikipedia/commons/a/ac/Two_Brothers_totem_pole_Jasper.jpg,What type of trees are totem poles usually made from?,Western Red Cedar,"Coastal Redwood, Douglas Fir, Sitka Spruce",The linear representation of the figures on the totem pole places importance on the highest figure.,FALSE,TRUE,How tall can totem poles be?,60 ft / 18 m,"40 ft / 12 m, 80 ft / 24 f, 100 ft / 30 m",How are characters in stories such as family legends or notable events represented on the totem pole?,Animals,"Plants, Sun and Moon, Elements of nature",Which is a totem pole?,https://upload.wikimedia.org/wikipedia/commons/c/c0/Kakaso%27Las_totem_pole.jpg,https://upload.wikimedia.org/wikipedia/commons/2/20/Statue_1_%2830602554046%29.jpg,https://upload.wikimedia.org/wikipedia/commons/0/08/Chemamull_chile_precolumblian_museum.JPG,https://upload.wikimedia.org/wikipedia/commons/c/c5/Face_of_a_Jangseung_outside_the_National_Folk_Museum_of_Korea.jpg
Leshan Giant Buddha,"Main, History, Composition",https://upload.wikimedia.org/wikipedia/commons/3/38/Leshan_Buddha_Statue_View.JPG,Why did Hai Tong decide to construct the Leshan Giant Buddha in its present location?,to calm the waters of the river,"to honor the emperor, to generate tourism, to protect the people of Leshan from storms and droughts",What is the only part of the Leshan Giant Buddha's body that is NOT made of stone?,ears,"feet, nose, eyes",What kind of cliff face is the Leshan Giant Buddha carved out of?,red sandstone,"white granite, green marble, gray limestone",Where does the Leshan Giant Buddha sit? ,At the confluence of two rivers,"Atop a mountain, At the bottom of a waterfall, In the desert",Which is the Leshan Giant Buddha?,https://upload.wikimedia.org/wikipedia/commons/9/9a/Leshan_Giant_Buddha%2C_20161101.jpg,https://upload.wikimedia.org/wikipedia/commons/4/46/Buddha_of_Bamiyan.jpg,https://upload.wikimedia.org/wikipedia/commons/2/23/Rongxian_Dafo_2014.04.24_14-18-42.jpg,https://upload.wikimedia.org/wikipedia/commons/c/c6/Gal_Viharaya_02.jpg
Scottish Fold,"Main, Characteristics",https://upload.wikimedia.org/wikipedia/commons/3/32/Basil_body.jpg,All Scottish Folds are born with unfolded ears.,TRUE,FALSE,How soon after birth will the Fold gene show in a Scottish Fold kitten?,21 days,"1 day, 12 days, 30 days",What shape is the Scottish Fold's face?,Round,"Square, Triangle, Flat",How long are a Scottish Fold's legs?,medium-to-short,"very short, long, very long",Which is a Scottish Fold?,https://upload.wikimedia.org/wikipedia/commons/8/83/Lilac_Scottish_Fold.jpg,https://upload.wikimedia.org/wikipedia/commons/9/92/Ukrainian_Levkoy_cat.jpg,https://upload.wikimedia.org/wikipedia/commons/2/2c/Cachorro_de_Gato_FoldEx_%28%22Belisario_del_Laberinto%22%29.JPG,https://upload.wikimedia.org/wikipedia/commons/0/02/Brown_Exotic_Shorthair_Kitten.jpg
Folsom point,"Main, Description, Age and cultual affiliations",https://upload.wikimedia.org/wikipedia/commons/6/6a/Folsom_point-Blackwater_Draw.jpg,"Where is Folsom Site, the place where the first sample of a Folsom point was found?",New Mexico,"Colorado, Arizona, California","What is the name of the earlier style of projectile found in 1932, which dated back to 11,500 BCE? ",Clovis point,"Plano point, Eden point, Great Plains point","What are the characteristic wide, shallow grooves along the Folsom point's edges called?",Fluting,"Hafting, Knapping, Grinding",What shape are Folsom points?,leaf-like,"triangular, spear-like, rounded",Which is a Folsom Point?,https://upload.wikimedia.org/wikipedia/commons/f/f8/Folsom_point.png,https://upload.wikimedia.org/wikipedia/commons/5/5f/Lorida%2C_FL_Thonotosassa_type.JPG,https://upload.wikimedia.org/wikipedia/commons/4/43/BareIslandProjPoint.jpg,https://upload.wikimedia.org/wikipedia/commons/4/49/Hohokam_Arrowhead_Sahuarita_Arizona_2014.jpg
Stone spheres of Costa Rica,"Main, Description, Pre-Columbian history, Post-contact history, Cultural identity ",https://upload.wikimedia.org/wikipedia/commons/e/ed/Diquis_Stone_Spheres_Museo_Nacional_CRI_01_2020_1880.jpg,What culture are the Stone Spheres of Costa Rica generally attributed to?,Diquís,"Bribri, Cabecares, Boruca",Who discovered the Stone Spheres of Costa Rica in the 1930s?,United Fruit Company workers,"Samuel Kirkland Lothrop, Doris Stone, National Museum of Costa Rica ",What are most of the Stone Spheres of Costa Rica made of?,Gabbro,"Granite, Basalt, Peridotite",How big are the diameters of the Stone Spheres of Costa Rica?,A range of sizes,"A few centimeters, 2 meters / 6.6 ft, 4 meters / 13 ft",Which are Stone Spheres of Costa Rica?,https://upload.wikimedia.org/wikipedia/commons/f/f1/Alignment_Diquis_Stone_Spheres_Museo_Nacional_CRI_01_2020_1855.jpg,https://upload.wikimedia.org/wikipedia/commons/6/6f/Kelvingrove_Art_Gallery_and_MuseumDSCF0239_11.JPG,https://upload.wikimedia.org/wikipedia/commons/1/1e/MoerakiBouldersSunrise.jpg,https://upload.wikimedia.org/wikipedia/commons/0/00/Cabeza_Colosal_n%C2%BA1_del_Museo_Xalapa.jpg
Fluorite,"Main, History and etymology, Color",https://upload.wikimedia.org/wikipedia/commons/0/0d/3192M-fluorite1.jpg,What is an industrial use of fluorite?,Flux,"Flame retardent, Cement, Hardening alloy",Where is the largest deposit of fluorite?,South Africa,"Yemen, China, Brazil",,,,,,,Which is an example of fluorite?,https://upload.wikimedia.org/wikipedia/commons/0/0f/Fluorite_Le_Beix_MNHN_Min%C3%A9ralogie.jpg,https://upload.wikimedia.org/wikipedia/commons/8/89/Halit_%28NaCl%29_-_Kopalnia_soli_Wieliczka%2C_Polska.jpg,https://upload.wikimedia.org/wikipedia/commons/4/4e/Atacamite-235102.jpg,https://upload.wikimedia.org/wikipedia/commons/0/04/Bischofite_-_Antofagasta.JPG
Shingle Style Architecture,"Main, History, Characteristics",https://upload.wikimedia.org/wikipedia/commons/7/7c/Kragsyde.jpg,Where is Shingle style architecture in the United States most often found?,New England,"Midwest, Pacific Northwest, Southwest",The shingle style was a response to which architectural movement?,Eastlake style,"Modernist, Gothic, Colonial",What feature was common for shingle style houses?,Horizontal continuity,"Vertical continuity, ornamentation, columns",What is a famous example of the shingle style house?,Kragsyde,"Saint Peter's By-The-Sea, Carson Mansion, Vaile Mansion",Which is an example of the shingle style?,https://upload.wikimedia.org/wikipedia/commons/9/94/HorseshoePostcard.jpg,https://upload.wikimedia.org/wikipedia/commons/4/42/William_S._Clarke_House_2.JPG,https://upload.wikimedia.org/wikipedia/commons/f/f2/Saint_Peter%27s-By-The-Sea_Episcopal_Church%2C_Cape_May_Point%2C_NJ.jpg,https://upload.wikimedia.org/wikipedia/commons/a/a0/Herman_C._Timm_House.jpg
Gujia,"Main, Similar Dishes",https://upload.wikimedia.org/wikipedia/commons/f/f5/Gujhia.JPG,Which country is Gujia from?,India,"Pakistan, Yemen, Lithuania",What is a common filling for Gujia?,Dried fruit,"Beef, mung bean, peas",What shape is a Gujia?,Half moon,"Circle, flower, pleated round",How is a gujia prepared?,Fried,"Baked, steamed, boiled",Which is an example of a Gujia?,https://upload.wikimedia.org/wikipedia/commons/3/3c/Gujia_dry.JPG,https://upload.wikimedia.org/wikipedia/commons/b/b4/Fried_dumpling_%283337901416%29.jpg,https://upload.wikimedia.org/wikipedia/commons/6/6b/Xia_jian_jiao.jpg,https://upload.wikimedia.org/wikipedia/commons/8/85/Deep_Fried_Cholent_Dumpling_%28F%C3%BClem%C3%BCle_Restaurant%29_%2841496749174%29.jpg
Erke,"Main, Construction, History",https://upload.wikimedia.org/wikipedia/commons/4/46/Erke_-_Noroeste_Argentino.jpg,Where are erkes used?,Bolivia,"Australia, Spain, Ethiopia ",When is the erke traditionally played?,Winter,"Summer, Spring, Fall",What is the exterior of the erke is wrapped in? ,wool,"bamboo fiber, sheep skin, cow hide ",How long can an erke be?,7 meters,"25 cm, 1 m, 10m",Which is an example of an erke?,https://upload.wikimedia.org/wikipedia/commons/7/76/Erke.jpg,https://upload.wikimedia.org/wikipedia/commons/1/14/Didgeridoo_street_player-2.jpg,https://upload.wikimedia.org/wikipedia/commons/0/04/Monks_during_Ongkor.jpg,https://upload.wikimedia.org/wikipedia/commons/1/10/Tiba_Safiental.jpg
Detroit-style pizza,"Main, Description",https://upload.wikimedia.org/wikipedia/commons/d/da/Detroit_Style_Pizza_from_Calphalon_Bread_Pans.png,When was the Detroit-style pizza developed?,1940s,"1920s, 1960s, 1980s",What type of cheese is used in Detroit-style pizza?,Wisconsin brick,"Mozarella, Cheddar, American",What is the traditional shape of a Detroit-style pizza?,Rectangle,"Round, Square, Free-form ",Where is the sauce placed in a Detroit-style pizza?,On-top of the cheese,"Under the cheese, As a bottom and top layer,",What is an example of a Detroit-style pizza?,https://upload.wikimedia.org/wikipedia/commons/5/54/Detroit_Style_Pizza_in_Lloyds_Detroit_Style_Pan_%28cropped%29.png,https://upload.wikimedia.org/wikipedia/commons/8/88/Aurelio%27s_Pizza_%281%29.jpg,https://upload.wikimedia.org/wikipedia/commons/b/bd/Chicago-style_pizza.jpg,https://upload.wikimedia.org/wikipedia/commons/d/d6/Pizza_pan.jpg
La Scapigliata,"Main, description",https://upload.wikimedia.org/wikipedia/commons/thumb/8/81/Leonardo_da_vinci_-_La_scapigliata.jpg/600px-Leonardo_da_vinci_-_La_scapigliata.jpg,"When was ""La Scapigliata"" painted?",Around 1500-1510,"Around 1600-1610, in 1555, in 1942",Who is the painting attributed to?,Leonardo da Vinci,"Michelangelo, Sandro Botticelli, Caravaggio",The eyes of the woman depicted are wide open,FALSE,TRUE,Which part of the painting is actually finished?,The Face,"The hair, the background,  the body","Which of these paintings is ""La Scapigliata""?",https://commons.wikimedia.org/wiki/Category:La_Scapigliata_by_Leonardo_da_Vinci#/media/File:La_Scapigliata_(Leonard_de_Vinci).jpg,"https://commons.wikimedia.org/wiki/File:L%C3%A9onard_de_Vinci_-_Vierge,_Enfant_J%C3%A9sus,_ste_Anne_%26_st_Jean-Baptiste_1.jpg",https://upload.wikimedia.org/wikipedia/commons/7/7e/Study_for_the_Kneeling_Leda.jpg,https://upload.wikimedia.org/wikipedia/commons/9/94/Leonardo_study_Madonna_of_the_rocks.jpeg
"Children's Peace Monument
","Main, Overview, Monument",https://upload.wikimedia.org/wikipedia/commons/5/55/Children%60s_Peace_Monument_%E5%85%92%E7%AB%A5%E5%92%8C%E5%B9%B3%E7%B4%80%E5%BF%B5%E7%A2%91_-_panoramio_%281%29.jpg,"Where is the Children's Peace Monument
located?",Japan,"China, United States, Indonesia",What was the statue unveiled?,in 1958,"In 1980, in 1992, in 1945",Which material is the crane hanging beneath the main structure of the monument?,Bronze,"Paper, balck marble, gold",What are the figures surrounding the monument?,Angels,"Birds, Planes, Gods",Which of these is the Children's Peace Monument? ,https://commons.wikimedia.org/wiki/File:DSC_0298_-_panoramio.jpg,https://commons.wikimedia.org/wiki/File:Cenotaph_for_the_A_bomb_victims.jpg,https://upload.wikimedia.org/wikipedia/commons/3/38/Haneda_otorii1.JPG,https://upload.wikimedia.org/wikipedia/commons/3/3e/Paper_Cranes.jpg
Macrolepiota procera,"Main, Description, Uses",https://upload.wikimedia.org/wikipedia/commons/c/c1/ParasolMushroom.JPG,"In which regions can you find the ""parasol"" mushroom?",In temperate regions,"in artic regions, in sub-saharan regions, in tropical regions",Is the parasol mushroom edible?,Yes,No,"At full maturity, which shape does the cap have?",Flat,"Egg, Saddle, Free form",What is the characteristic pattern of the parasol mushroom's cap?,Snakeskin-like,"Polka dots, Spiral, Radial",Which of these examples is a Macrolepiota procera?,https://upload.wikimedia.org/wikipedia/commons/thumb/a/ab/Parasol_mushroom.jpg/120px-Parasol_mushroom.jpg,https://upload.wikimedia.org/wikipedia/commons/thumb/d/d1/Fliegenpilz-1.jpg/440px-Fliegenpilz-1.jpg,https://upload.wikimedia.org/wikipedia/commons/thumb/d/d1/Fliegenpilz-1.jpg/440px-Fliegenpilz-1.jpg,https://upload.wikimedia.org/wikipedia/commons/thumb/3/3f/Amiant-K%C3%B6rnchenschirmling_Cystoderma_amianthinum.jpg/468px-Amiant-K%C3%B6rnchenschirmling_Cystoderma_amianthinum.jpg
Bagna càuda,"Main, Overview",https://upload.wikimedia.org/wikipedia/commons/thumb/c/c7/Bagna_Cauda_a_la_Champaqu%C3%AD_019.jpg/250px-Bagna_Cauda_a_la_Champaqu%C3%AD_019.jpg,Which Italian region is Bagna Caoda from?,Piedmont,"Sicily, Sardinia, Apulia",What is generally bagna caoda served with?,Vegetables," Meat, Pasta, Fish",Which type of dish is Bagna Cauda?,Sauce,"Pie, Dessert, vegetable",Which Color is Bagna Cauda?,Beige,"Red, Green, Black",What is an example of Bagna Cauda?,https://upload.wikimedia.org/wikipedia/commons/thumb/6/6e/Bagna_c%C3%A0uda_%282016-01-30%29.jpg/230px-Bagna_c%C3%A0uda_%282016-01-30%29.jpg,https://upload.wikimedia.org/wikipedia/commons/thumb/d/d8/Swiss_fondue.jpg/250px-Swiss_fondue.jpg,https://upload.wikimedia.org/wikipedia/commons/thumb/2/2a/Chocolatefondue.JPG/220px-Chocolatefondue.JPG,https://upload.wikimedia.org/wikipedia/commons/thumb/b/b8/Fondue2.jpg/220px-Fondue2.jpg
Eucomis,"Main, Distribution_and_habitat, Cultivation",https://upload.wikimedia.org/wikipedia/commons/thumb/c/c1/Eucomis_autumnalis_2_cropped.jpg/220px-Eucomis_autumnalis_2_cropped.jpg,In which period does the eucomis flower? ,,"Winter,Summer,Fall",Does Eucomis grow in dry regions?,No,Yes,The eucomis has foliage on top which makes it resemble a pineapple,TRUE,FALSE,What is the shape of eucomis flowers,Star,"Funnel,Tube,Bowl",Which of these is an Eucomis?,https://upload.wikimedia.org/wikipedia/commons/thumb/3/35/Eucomis_bicolor_01.jpg/202px-Eucomis_bicolor_01.jpg,https://upload.wikimedia.org/wikipedia/commons/thumb/3/35/Lilac_Flower%26Leaves%2C_SC%2C_Vic%2C_13.10.2007.jpg/220px-Lilac_Flower%26Leaves%2C_SC%2C_Vic%2C_13.10.2007.jpg,https://upload.wikimedia.org/wikipedia/commons/thumb/7/74/%E0%B4%95%E0%B5%88%E0%B4%A4%E0%B4%9A%E0%B5%8D%E0%B4%9A%E0%B4%95%E0%B5%8D%E0%B4%95.jpg/220px-%E0%B4%95%E0%B5%88%E0%B4%A4%E0%B4%9A%E0%B5%8D%E0%B4%9A%E0%B4%95%E0%B5%8D%E0%B4%95.jpg,https://upload.wikimedia.org/wikipedia/commons/2/2d/Ornithogalum_narbonense.jpg
Pagoda,Main,https://upload.wikimedia.org/wikipedia/commons/e/ed/Horyu-ji09s3200.jpg,What are pagodas built of? ,"Either wood, brick, or stone","Wood, Cement, Metal",What religion uses Pagodas?,Buddism,"Confucianism, Benzhuism, Hinduism",How many levels do pagodas usually have?,Between 3-13 levels,"Between 10-20 levels, At least 7 levels, At least 4 levels",Do pagodas always have a square base?,No,yes,Which pictures are NOT an example of a Chinese pagoda?,https://upload.wikimedia.org/wikipedia/commons/c/ca/Shwedagon-Pano.jpg,https://upload.wikimedia.org/wikipedia/commons/0/02/Baoguangsi.jpg,https://upload.wikimedia.org/wikipedia/commons/7/72/The_Fugong_Temple_Wooden_Pagoda.jpg,https://upload.wikimedia.org/wikipedia/commons/7/7b/Tianning_Pagoda_1.JPG
Monet,"Main, Paris and Algeria","https://en.wikipedia.org/wiki/File:Claude_Monet,_Impression,_soleil_levant.jpg",What art movement did Monet found?,Impressionism,"Expressionism, Naturalism, Romanticism",What is the subject of some of Monet's best-known works?,Lily ponds,"Horses, Cathedrals, Forests",What was specific to the style of Monet and his fellow Impressionists? ,They painted the effects of light en plain air,"They only painted indoors, They used long brush strokes, They mostly copied from old masters ",Did Monet predominantly use primary colors? ,No,Yes,Which is a Monet painting?,https://en.wikipedia.org/wiki/File:Claude_Monet_La_Grenouill%C3%A9re.jpg,"https://en.wikipedia.org/wiki/File:The_Fighting_Temeraire,_JMW_Turner,_National_Gallery.jpg",https://en.wikipedia.org/wiki/File:Alfred_Sisley_001.jpg,"https://en.wikipedia.org/wiki/File:Wassily_Kandinsky,_1903,_The_Blue_Rider_(Der_Blaue_Reiter),_oil_on_canvas,_52.1_x_54.6_cm,_Stiftung_Sammlung_E.G._B%C3%BChrle,_Zurich.jpg"
Taj Mahal,"Main, Architecture and Design",https://en.wikipedia.org/wiki/File:Taj_Mahal_(Edited).jpeg,In what city is the Taj Mahal located?,Agra,"New Delhi, Jaipur, Ahmedabad",What material is the Taj Mahal dome made of?,Marble,"Sandstone, White granite, Wood",The design of the Taj Mahal is completely symmetrical on all sides of the building.,TRUE,False ,How many minarets does the Taj Mahal have? ,4,"2, 6, 8, ",Which is not part of the Taj Mahal?,https://en.wikipedia.org/wiki/File:TUNISIE_MONASTIR_MAUSOLEE_BOURGHIBA_03.jpg,https://en.wikipedia.org/wiki/File:The_main_gateway_(darwaza)_to_the_Taj_Mahal.jpg,https://en.wikipedia.org/wiki/File:Persian_prince_tomb_taj_mahal.jpg,https://en.wikipedia.org/wiki/File:Facade_of_Taj_Mahal_(4718894898).jpg
Blue whale,"Main, Morphology",https://upload.wikimedia.org/wikipedia/commons/thumb/1/1c/Anim1754_-_Flickr_-_NOAA_Photo_Library.jpg/1920px-Anim1754_-_Flickr_-_NOAA_Photo_Library.jpg,What does a blue whale's diet mostly consist of?,Krill,"Smaller fish, Algae, Shellfish ",Is blue whale the largest species of whale? ,Yes,No,What is one of the distinguishing features of blue whales? ,a unique pigmentation pattern along the back in the region of the dorsal fin,"the head represents up to one-third of the animal's length; it has a very large, block-shaped head; it has an S-shaped blow hole",How many blowholes does the blue whale have?,1,"2,3,4",Which is (part of) the skelleton of a blue whale?,https://upload.wikimedia.org/wikipedia/commons/5/50/Joey_williams_with_a_19_foot_long_blue_whale_skull.jpg,https://upload.wikimedia.org/wikipedia/commons/thumb/4/49/Physeter_macrocephalus_-_skeleton.jpg/1000px-Physeter_macrocephalus_-_skeleton.jpg,https://upload.wikimedia.org/wikipedia/commons/thumb/d/d5/Zalophus_californianus_01.JPG/400px-Zalophus_californianus_01.JPG,https://en.wikipedia.org/wiki/File:Gray_whale_skeleton.jpg
Leafy seadragon,"Main, Description",https://upload.wikimedia.org/wikipedia/commons/thumb/e/e4/Leafy_Seadragon_on_Kangaroo_Island.jpg/2560px-Leafy_Seadragon_on_Kangaroo_Island.jpg,Where can the leafy seadragon be found?,along the southern and western coasts of Australia,"in the Indian Ocean, in the South Atlantic, in the Sea of Japan",What is a distinguished characteristic of the Leafy Seadragon? ,it has leaf-like protrusions coming from all over the body,"it has a cluster of black dots on its back, it has two prominent antennae, it has a curly tail-like abdomen which enables it to hold onto underwater plants ",What do leafy seadragons feed on? ,plankton,"algae, small fish, moon snails",What color is the leafy seadragon?,orange-brown,"brown-black, dark blue, green-blue",Which is a leafy seadragon?,https://upload.wikimedia.org/wikipedia/commons/thumb/2/2a/Leafy_Sea_Dragon_SA.jpg/2560px-Leafy_Sea_Dragon_SA.jpg,https://upload.wikimedia.org/wikipedia/commons/c/ca/Alligator_Pipefish_2.jpg,https://upload.wikimedia.org/wikipedia/commons/7/79/Phyllopteryx_taeniolatus1.jpg,https://upload.wikimedia.org/wikipedia/commons/thumb/4/4b/Hippocampus.jpg/1024px-Hippocampus.jpg
Arc de Triomf,"Main, Design",https://upload.wikimedia.org/wikipedia/commons/thumb/0/0b/Barcelona_-_Arc_de_Triomf_%282%29.JPG/600px-Barcelona_-_Arc_de_Triomf_%282%29.JPG,In which occasion was the Arc de Triompf built?,The Barcelona World Fair,"The end of the Second World War, The end of the Spanish Civil War, The fall of Barcelona in 1714",Which one is the Arc de Triompf's architectonic style?,Neo-Mudéjar,"Art-deco, Baroque, Gothiic",Which material is the Arc de Triompf built with?,Red Brickwork,"Marble, Bronze, Wood",What is the material of the sculture in the main frieze,Stone,"Marble, Brickwork, Brass",Which of these is Barcelona's Arc de Triompf?,https://upload.wikimedia.org/wikipedia/commons/thumb/3/34/14-08-06-barcelona-RalfR-002.jpg/800px-14-08-06-barcelona-RalfR-002.jpg,https://upload.wikimedia.org/wikipedia/commons/thumb/8/8a/Arcul_de_triumf.jpg/440px-Arcul_de_triumf.jpg,https://upload.wikimedia.org/wikipedia/commons/thumb/e/e2/Arc_de_Triomphe%2C_Paris_5_February_2019.jpg/480px-Arc_de_Triomphe%2C_Paris_5_February_2019.jpg,https://upload.wikimedia.org/wikipedia/commons/thumb/1/1c/Soldiers%27_and_Sailors%27_Arch.jpg/440px-Soldiers%27_and_Sailors%27_Arch.jpg
Suspiro de limeña,"Main, Origin, Preparation",https://en.wikipedia.org/wiki/Suspiro_de_lime%C3%B1a,The merengue in the top layer is made of egg white and which other ingredient?,Port wine syrup,"Corn syrup, Maple syrup, Water and sugar syrup","The Suspiro de limeña
is characteristic of which city?",Lima,"Arequipa, Trujillo, Piura",What is the color of the cream in the Suspiro de limeña?,Caramel,"White, Beige, Brown",Which spice is sprinkled on top of the Suspiro de limeña?,Cinnamon,"Cocoa, Ginger, Muscade",Which of these desserts is a Suspiro de limeña?,https://upload.wikimedia.org/wikipedia/commons/0/02/3310_suspiro.jpg,https://upload.wikimedia.org/wikipedia/commons/3/3d/Ujuvad_saarekesed.jpg,https://upload.wikimedia.org/wikipedia/commons/7/75/Tarte_au_citron.JPG,https://upload.wikimedia.org/wikipedia/commons/9/96/Flan_con_dulce_de_leche.jpg
Ketupat,"Main, Other Uses",https://upload.wikimedia.org/wikipedia/commons/thumb/e/e4/Ketupat2.jpg/500px-Ketupat2.jpg,Ketupat is used in Bali for temple decorations.,TRUE,FALSE,"The Ketupat
is characteristic of which region?",Southeast Asia,"China, India, Pakistan",Which is the shape Ketupat  Dumplings?,Diamond,"Cylinder, Round, Square",Ketupat is rice wrapped which with type of leaves?,Palm Leaves,"Grape Leaves, Corn Leaves, Banana Leaves",Which of these is a plate of Ketupat?,https://upload.wikimedia.org/wikipedia/commons/thumb/1/19/Kulit_ketupat.JPG/440px-Kulit_ketupat.JPG,https://upload.wikimedia.org/wikipedia/commons/thumb/b/bc/Bollo_de_yuca.jpg/500px-Bollo_de_yuca.jpg,https://upload.wikimedia.org/wikipedia/commons/thumb/b/b7/Pamonhas.jpg/500px-Pamonhas.jpg,https://upload.wikimedia.org/wikipedia/commons/thumb/b/b7/Pamonhas.jpg/500px-Pamonhas.jpg
Imperial Crown of the Holy Roman Empire,"Main, Appearance",https://upload.wikimedia.org/wikipedia/commons/0/07/Holy_Roman_Empire_Crown_%28Imperial_Treasury%292.jpg,When was the Crown of the  Holy Roman Empire made?,10-11th century,"15-16th century, 14-15th century, 19th century",Where is the crown being kept?,Vienna,"Praga, Rome, Copenhagen",How many hinged plates construct the base of the crown?,8,"6,10,1",Are the gemstones cut into facets or round-shaped?,Round Shaped,Faceted,Which of these is the IMperial Crown of the Holy Roman Empire?,https://upload.wikimedia.org/wikipedia/commons/9/90/Reichskrone_HRR_Front.jpg,https://upload.wikimedia.org/wikipedia/commons/thumb/b/b3/ImperialCrownOfIndia.jpg/1280px-ImperialCrownOfIndia.jpg,https://upload.wikimedia.org/wikipedia/commons/thumb/6/6f/Catherine_I_of_Russia%27s_crown_framework_01_by_shakko.JPG/800px-Catherine_I_of_Russia%27s_crown_framework_01_by_shakko.JPG,https://upload.wikimedia.org/wikipedia/commons/thumb/2/21/A_Szent_Korona_el%C3%B6lr%C5%91l_2.jpg/800px-A_Szent_Korona_el%C3%B6lr%C5%91l_2.jpg
Olmec colossal heads,Main,https://upload.wikimedia.org/wikipedia/commons/d/d5/Olmeca_head_in_Villahermosa.jpg,Who are the preople represented in the Olmec heads?,Olmec rulers,"Children, Warriors, Women",In which Mexican region you can find most of the Olmec heads? ,Veracruz,"Chiapas, Michoacan, Yucatan",How is the nose of a typical Olmec Head?,Flat,"Hooked, Aquiline, Upturned",In which material were the Olmenc Heads carved?,Basalt,"Marble, Granite, Limestone",Which of these is a Olmec Head?,https://upload.wikimedia.org/wikipedia/commons/2/20/CabezaColosal1_MuseoXalapa_v1.1.jpg,https://upload.wikimedia.org/wikipedia/commons/9/98/Statue_n%C3%A9olithique_model%C3%A9e_%28mus%C3%A9e_arch%C3%A9ologique%2C_Amman%2C_Jordanie%29_%2838288033154%29.jpg,https://upload.wikimedia.org/wikipedia/commons/4/4e/Ahu-Akivi-1.JPG,https://commons.wikimedia.org/wiki/File:Mayan_-_Stucco_Portrait_Head_-_Walters_20092026.jpg
Gayer-Anderson cat,"Main, Style and detail, Construction",https://upload.wikimedia.org/wikipedia/commons/thumb/f/fc/British_Museum_Egypt_101-black.jpg/500px-British_Museum_Egypt_101-black.jpg,Which egyptan deity does the statue represent?,Bastet,"Sekhmet, Isis, Osiris",Which museum is now hosting the statue?,British Museum in London,"The Egyptian Museum in Cairo, The Egyptian Museum
in Turin, the Louvre Museum in Paris
",What is sculpted on the staute's forehead?,A scarab,"A ring, A geroglyph, A sceptrum",Which is the material of the statue's ornaments?,Gold,"Silver, Platinum, Gemstones",Which of these is the Gayer-Anderson cat?,https://commons.wikimedia.org/wiki/Category:Gayer-Anderson_cat#/media/File:Gayer-Anderson_Cat_01-black.jpg,https://upload.wikimedia.org/wikipedia/commons/thumb/1/1f/WLA_brooklynmuseum_Mother_Cat_with_Kittens.jpg/1280px-WLA_brooklynmuseum_Mother_Cat_with_Kittens.jpg,https://upload.wikimedia.org/wikipedia/commons/thumb/0/0d/WLA_brooklynmuseum_bronze_cat_2.jpg/800px-WLA_brooklynmuseum_bronze_cat_2.jpg,https://upload.wikimedia.org/wikipedia/commons/thumb/4/48/Gato_en_bronce_%2826186458573%29.jpg/800px-Gato_en_bronce_%2826186458573%29.jpg